{"Wed Jul 16 06:07:24 +0000 2014": {"hours": {"hours": 0.027777777777777776}}, "Fri Jun 20 21:00:59 +0000 2014": {}, "Thu Jun 12 00:34:14 +0000 2014": {"hours": {"days": 0.045454545454545456}}, "Wed Feb 05 01:39:49 +0000 2014": {"hours": {"louisiana": 0.09375}}}