{"Thu Jan 15 04:21:45 +0000 2015": {}, "Sun Jul 08 09:36:21 +0000 2018": {"boat": {"boat": 0.0}}, "Wed May 14 00:53:13 +0000 2014": {"travel": {"travel": -0.04924242424242424}}, "Tue Sep 16 01:07:00 +0000 2014": {"job": {"job": 0.1346153846153846}}, "Tue Nov 11 22:29:43 +0000 2014": {"vacation": {"vacation": -0.075}}, "Fri Mar 27 13:31:04 +0000 2015": {"summer": {"summer": 0.125}}, "Tue Jul 26 21:51:50 +0000 2016": {}, "Tue Apr 01 03:28:45 +0000 2014": {}, "Sun Feb 16 22:53:32 +0000 2014": {}, "Sun Nov 05 03:49:01 +0000 2017": {"job": {"apartments": 0.0}}, "Mon Mar 17 01:42:57 +0000 2014": {}, "Tue Feb 11 01:48:56 +0000 2014": {"job": {"person": 0.03289473684210526}}, "Mon Aug 11 17:44:32 +0000 2014": {}, "Wed Jul 30 02:19:41 +0000 2014": {"vacation": {"vacation": 0.125}}, "Wed Apr 23 12:22:21 +0000 2014": {"vacation": {"vacation": 0.0625}, "days": {"days": -0.125}}, "Wed Nov 22 00:59:07 +0000 2017": {}, "Sat May 03 17:30:49 +0000 2014": {"job": {"luck": -0.203125}, "days": {"shot": -0.006597222222222221}}, "Mon Apr 14 03:08:56 +0000 2014": {"days": {"day": -0.09722222222222222, "days": -0.041666666666666664}}, "Sun Apr 13 15:52:25 +0000 2014": {"beachforever": {"beachforever": -0.08333333333333333}}, "Wed Nov 07 14:22:16 +0000 2018": {"job": {"visit": 0.2916666666666667}}}