{"Mon Jul 14 03:55:45 +0000 2014": {}, "Wed Jul 16 17:45:37 +0000 2014": {}, "Wed Jul 16 14:46:14 +0000 2014": {"weeks": {"weeks": 0.125}}, "Sat May 31 04:47:04 +0000 2014": {"shirt/pants/shoe color": {"shirt/pants/shoe color": 0.009615384615384616}}, "Sat Aug 16 15:36:49 +0000 2014": {}, "Sat Jun 30 02:50:43 +0000 2018": {}, "Sun Jul 27 01:44:16 +0000 2014": {"weeks": {"vacation": 0.02976190476190476}}}