{"Tue Sep 30 18:07:32 +0000 2014": {}, "Mon Oct 19 15:38:27 +0000 2015": {}, "Tue Oct 20 13:58:08 +0000 2015": {}, "Wed Oct 21 17:18:46 +0000 2015": {}, "Sat Jan 02 23:49:09 +0000 2016": {}, "Mon Oct 17 14:21:47 +0000 2016": {}, "Mon Nov 30 22:48:17 +0000 2015": {}, "Thu Mar 24 15:14:56 +0000 2016": {}, "Wed Jul 11 22:58:20 +0000 2018": {}, "Mon May 29 15:01:40 +0000 2017": {}, "Thu May 15 15:46:06 +0000 2014": {"hotel": {"hotel": -0.022727272727272728}}, "Fri Sep 12 18:14:47 +0000 2014": {"bird": {"bird": 0.0125}}, "Mon Mar 16 03:39:15 +0000 2015": {"hotel": {"hotel": -0.03535353535353535}}, "Sat Feb 06 23:39:18 +0000 2016": {}, "Mon Sep 07 04:34:38 +0000 2015": {}, "Sat Jan 07 19:20:28 +0000 2017": {}, "Fri Apr 28 13:33:00 +0000 2017": {"hotel": {"hotel": -0.056818181818181816}, "minute": {"minute": -0.03571428571428571}}, "Tue Jun 27 03:45:41 +0000 2017": {}, "Sat Jul 16 21:45:52 +0000 2016": {}, "Sat Jul 16 04:01:34 +0000 2016": {"view": {"view": -0.203125}}, "Sat Aug 06 23:48:10 +0000 2016": {"minute": {"vacation": -0.014583333333333332}}, "Mon Jan 30 11:22:14 +0000 2017": {}, "Thu Jan 26 09:59:05 +0000 2017": {}, "Tue Jan 24 15:40:11 +0000 2017": {}, "Fri Apr 20 20:36:04 +0000 2018": {}, "Sun Sep 04 01:59:38 +0000 2016": {"minute": {"night": 0.6130952380952381}}, "Sat Sep 03 03:46:14 +0000 2016": {}, "Sat Dec 19 21:28:45 +0000 2015": {}, "Wed Mar 02 16:12:53 +0000 2016": {}, "Sun Mar 30 02:22:19 +0000 2014": {}, "Fri Mar 28 20:05:22 +0000 2014": {}, "Sat Oct 03 11:21:55 +0000 2015": {}, "Thu Dec 10 15:04:12 +0000 2015": {}, "Thu May 29 23:34:24 +0000 2014": {}, "Thu May 29 22:25:37 +0000 2014": {"hotel": {"hotel": -0.03125}}, "Tue Mar 21 19:03:01 +0000 2017": {}, "Tue May 01 11:37:28 +0000 2018": {}, "Sat Feb 21 14:42:18 +0000 2015": {}, "Mon Sep 26 18:43:20 +0000 2016": {"minute": {"experience": 0.75}, "place": {"place": 0.75}}, "Sat Oct 29 20:44:18 +0000 2016": {}, "Thu Oct 05 04:46:19 +0000 2017": {}, "Fri Sep 29 22:44:12 +0000 2017": {}, "Thu Aug 18 14:23:56 +0000 2016": {}, "Fri Aug 12 03:57:21 +0000 2016": {}, "Mon Sep 10 03:44:25 +0000 2018": {}, "Wed Oct 01 18:31:39 +0000 2014": {}, "Thu Jun 02 19:06:00 +0000 2016": {}, "Sat Oct 24 18:29:13 +0000 2015": {}, "Fri Feb 21 16:27:48 +0000 2014": {}, "Sun Jun 24 01:54:47 +0000 2018": {"walk": {"walk": 0.6875}}, "Fri Jun 22 01:16:24 +0000 2018": {"nature": {"nature": 0.6875}}, "Sun Apr 10 17:14:07 +0000 2016": {}, "Tue Aug 02 15:19:22 +0000 2016": {"minute": {"time": 0.0}}, "Wed Aug 03 20:56:13 +0000 2016": {"place": {"place": -0.027777777777777776}, "nature": {"nature": 0.0}}, "Mon Mar 07 17:55:13 +0000 2016": {}, "Wed Aug 09 00:47:06 +0000 2017": {}, "Sun Jan 17 04:26:51 +0000 2016": {}, "Thu Aug 14 18:46:35 +0000 2014": {"nature": {"universe": 0.04861111111111111}}, "Thu Aug 14 19:06:43 +0000 2014": {"walk": {"connections": -0.057539682539682536}}, "Thu Aug 14 19:05:19 +0000 2014": {"minute": {"matter": 0.03819444444444445}, "walk": {"travel": 0.04591836734693878}}, "Sun Mar 12 01:14:35 +0000 2017": {}, "Sat May 24 03:55:19 +0000 2014": {"hotel": {"hotel": 0.24599358974358976}, "place": {"home": 0.019230769230769232}}, "Wed Nov 11 00:45:16 +0000 2015": {"hotel": {"hotel": 0.10416666666666667}}, "Mon Nov 09 19:24:01 +0000 2015": {}, "Wed Nov 11 03:29:44 +0000 2015": {"nature": {"w": -0.75}}, "Tue Jul 11 21:07:31 +0000 2017": {"hotel": {"hotels": 0.10227272727272728, "hotel": 0.75}}, "Fri Jul 27 00:37:54 +0000 2018": {}, "Thu Nov 23 05:00:27 +0000 2017": {"nature": {"type": 0.05357142857142857}}, "Sun Jun 04 21:06:22 +0000 2017": {}, "Sat Jun 11 22:04:06 +0000 2016": {}, "Sat Mar 04 23:55:59 +0000 2017": {}, "Sun Sep 27 22:36:08 +0000 2015": {"bird": {"adventure": 0.5}, "minute": {"days": -0.03571428571428571}}, "Fri Sep 25 21:53:49 +0000 2015": {}, "Tue Aug 04 00:42:45 +0000 2015": {}, "Sat Sep 22 03:51:34 +0000 2018": {"view": {"thoughts": 0.08333333333333333}}, "Fri Apr 18 03:03:36 +0000 2014": {"bird": {"baby": 0.058333333333333334}, "minute": {"vacation": 0.07361111111111111}}, "Sat Feb 03 01:42:37 +0000 2018": {"curtiss hotel": {"curtiss hotel": 0.6875}}, "Tue Jun 21 23:57:36 +0000 2016": {}, "Fri May 06 11:25:37 +0000 2016": {}, "Thu Aug 09 22:16:22 +0000 2018": {"circus life": {"circus life": 0.575}}, "Sat Jun 10 20:39:07 +0000 2017": {}}