{"Mon Dec 19 21:25:57 +0000 2016": {}, "Wed Sep 03 00:41:25 +0000 2014": {"hours": {"hours": 0.027777777777777776}}, "Sun Feb 14 12:04:06 +0000 2016": {}, "Fri Mar 28 13:21:33 +0000 2014": {}, "Sun Mar 27 04:14:22 +0000 2016": {}, "Sat May 30 17:23:41 +0000 2015": {}, "Mon Nov 06 23:09:16 +0000 2017": {"hours": {"weekend": 0.028125}, "force": {"force": 0.03125}}, "Wed Feb 25 16:47:57 +0000 2015": {}, "Wed Dec 03 18:20:30 +0000 2014": {}, "Wed Dec 03 17:38:23 +0000 2014": {"hours": {"season": 0.029222222222222212}, "force": {"lights": 0.029222222222222212}}, "Wed Nov 04 00:49:24 +0000 2015": {}, "Wed Nov 04 00:30:31 +0000 2015": {}, "Sun Jun 15 14:56:57 +0000 2014": {"hours": {"vacation": 0.022727272727272728}, "force": {"father": 0.5625, "home": 0.0}, "gas prices": {"gas prices": -0.375}}, "Sat Jun 18 14:30:15 +0000 2016": {}}