{"Wed Nov 01 21:54:12 +0000 2017": {}, "Thu Jan 04 23:11:57 +0000 2018": {"hotel": {"hotel": -0.03125, "right": -0.008928571428571428}}, "Wed Jul 13 19:09:02 +0000 2016": {}, "Fri Feb 26 00:40:31 +0000 2016": {"hotel": {"issue": 0.04591836734693878}}, "Mon Feb 17 07:48:10 +0000 2014": {}, "Fri Aug 12 18:56:07 +0000 2016": {}, "Sat Sep 08 01:06:22 +0000 2018": {}, "Thu Jun 11 13:48:14 +0000 2015": {"hotel": {"upgrade": -0.125}}, "Tue Sep 13 05:58:17 +0000 2016": {}}