{"Mon Apr 24 01:13:03 +0000 2017": {}, "Tue Jan 05 18:36:45 +0000 2016": {"hotel": {"hotel": -0.022727272727272728}}, "Mon Jun 30 11:06:19 +0000 2014": {}, "Wed May 21 12:14:56 +0000 2014": {"raise": {"raise": 0.0125}}, "Thu Apr 06 19:15:04 +0000 2017": {}, "Thu Oct 22 02:45:49 +0000 2015": {"raise": {"day": -0.05555555555555555}}, "Tue Aug 23 16:19:37 +0000 2016": {}, "Thu May 18 22:39:37 +0000 2017": {"raise": {"call": -0.022727272727272728}}, "Sat Apr 19 18:42:21 +0000 2014": {}, "Fri Jun 24 06:01:39 +0000 2016": {}, "Sun May 17 22:52:15 +0000 2015": {"raise": {"ones": -0.21875}, "squee": {"squee": 0.04591836734693878}}, "Wed Jan 18 23:53:50 +0000 2017": {}}