{"Fri Sep 26 02:45:17 +0000 2014": {"lot": {"lot": 0.009469696969696975}, "shoes": {"shoes": 0.03125}}, "Fri Feb 26 15:38:05 +0000 2016": {"lot": {"lot": 0.011458333333333334}, "shoes": {"places": 0.5}}, "Wed Nov 07 20:09:00 +0000 2018": {}}