{"Thu Apr 09 21:32:20 +0000 2015": {"hotel": {"hotel": 0.010416666666666666}}, "Sun Aug 24 17:28:50 +0000 2014": {}, "Tue Nov 11 23:46:20 +0000 2014": {"morning": {"morning": 0.19474969474969475}}, "Sat May 10 00:03:02 +0000 2014": {}, "Sun Oct 12 13:41:33 +0000 2014": {}, "Mon May 11 00:03:55 +0000 2015": {}, "Sat Feb 21 07:05:40 +0000 2015": {}, "Wed Aug 27 01:10:56 +0000 2014": {}, "Thu Jan 23 07:24:44 +0000 2014": {}, "Wed Jan 29 07:56:20 +0000 2014": {}, "Wed Dec 03 02:23:10 +0000 2014": {}, "Wed Feb 26 04:11:58 +0000 2014": {"vacation": {"vacation": -0.026636904761904764}}, "Wed Jan 28 03:55:19 +0000 2015": {"vacation": {"holiday": 0.10416666666666667}}, "Wed Apr 01 07:10:36 +0000 2015": {"she": {"she": -0.10227272727272728}}, "Wed Apr 15 14:04:19 +0000 2015": {}}