{"Sat Aug 30 21:45:09 +0000 2014": {}, "Fri Jan 09 18:04:20 +0000 2015": {"struggle": {"struggle": 0.09615384615384616}}, "Wed Feb 19 17:43:11 +0000 2014": {"vacation damn": {"vacation damn": 0.08333333333333333}}, "Mon Jun 23 17:54:20 +0000 2014": {"struggle": {"world": -0.075}}, "Wed Nov 11 16:40:57 +0000 2015": {}, "Tue Nov 04 02:23:22 +0000 2014": {}}