{"Wed Jan 14 15:03:17 +0000 2015": {"day": {"day": 0.03125}}, "Fri Mar 20 19:12:34 +0000 2015": {}, "Sat Oct 15 15:25:47 +0000 2016": {"walk": {"walk": 0.75}}, "Thu Sep 11 03:53:07 +0000 2014": {}, "Wed Mar 19 13:59:56 +0000 2014": {"walk": {"adventure": 0.15}}, "Sun Jul 06 02:32:37 +0000 2014": {"walk": {"seats": 0.125}}, "Thu Aug 11 15:46:12 +0000 2016": {}, "Tue Aug 18 03:18:07 +0000 2015": {}, "Sat Aug 29 12:27:23 +0000 2015": {}, "Thu Sep 24 11:06:26 +0000 2015": {}, "Mon Jun 29 20:49:34 +0000 2015": {"walk": {"art": 0.08333333333333333}}, "Sun Nov 11 13:00:39 +0000 2018": {"day": {"life": 0.022727272727272728}, "walk": {"visit": 0.10416666666666667}}}