{"Mon Feb 20 23:25:52 +0000 2017": {"life": {"life": 0.009615384615384616}}, "Wed Oct 29 21:35:02 +0000 2014": {}, "Tue Apr 21 00:13:44 +0000 2015": {"life": {"nature": -0.03289473684210526}}}