{"Fri Jan 16 03:25:23 +0000 2015": {"goal": {"goal": 0.08854166666666667}}, "Thu Mar 19 16:27:25 +0000 2015": {"goal": {"person": 0.025, "part": -0.23958333333333334}}, "Wed Oct 18 22:57:19 +0000 2017": {"goal": {"spots": 0.027777777777777776}}, "Tue May 20 18:33:08 +0000 2014": {"goal": {"need": -0.08333333333333333}}, "Wed Mar 11 13:16:45 +0000 2015": {}, "Sun Sep 16 17:10:36 +0000 2018": {}, "Wed Oct 03 04:30:17 +0000 2018": {}, "Fri Jan 09 03:16:23 +0000 2015": {"goal": {"vacation": -0.10416666666666666}}, "Mon Feb 03 17:35:42 +0000 2014": {"goal": {"vacation": -0.07007575757575757}}, "Fri Feb 27 21:16:36 +0000 2015": {}, "Sun May 24 21:54:47 +0000 2015": {}, "Wed Mar 12 15:23:04 +0000 2014": {"goal": {"uca": 0.125}}, "Tue Jul 29 02:41:48 +0000 2014": {"goal": {"beach": 0.011071428571428569}}, "Wed Apr 15 05:15:42 +0000 2015": {}}