{"Sat Dec 17 13:57:36 +0000 2016": {}, "Tue Sep 30 13:20:33 +0000 2014": {}, "Wed Apr 02 04:46:16 +0000 2014": {"vacation": {"vacation": 0.19791666666666666}}, "Wed Mar 12 04:43:57 +0000 2014": {"life": {"life": -0.08333333333333333}}, "Sun Apr 06 17:03:16 +0000 2014": {"day": {"day": 0.75}}, "Wed Mar 11 14:49:30 +0000 2015": {"life": {"nature": 0.03125}}, "Tue Aug 26 17:03:39 +0000 2014": {}, "Sun Mar 29 02:29:16 +0000 2015": {"life": {"life": 0.125}, "day": {"week": -0.041666666666666664}}, "Sat Jul 22 17:45:35 +0000 2017": {}, "Fri Jul 21 22:15:36 +0000 2017": {}, "Thu May 08 02:17:34 +0000 2014": {"life": {"ideas": -0.017857142857142856}}, "Thu Sep 20 02:51:58 +0000 2018": {"life": {"experience": 0.5}, "hotel": {"hotel": 0.2916666666666667}, "art": {"art": 0.15416666666666667}}, "Mon Nov 07 12:37:29 +0000 2016": {}, "Fri Jul 22 02:25:53 +0000 2016": {}, "Wed Oct 08 05:59:58 +0000 2014": {}, "Wed Jan 15 02:10:15 +0000 2014": {}, "Sun Sep 03 01:55:22 +0000 2017": {"art": {"crime": 0.0125}}, "Sun Oct 22 02:31:02 +0000 2017": {}, "Tue May 24 23:49:43 +0000 2016": {}, "Mon May 23 17:57:34 +0000 2016": {}, "Wed Aug 27 12:47:56 +0000 2014": {}, "Fri Oct 03 03:46:22 +0000 2014": {}, "Mon Feb 03 15:04:14 +0000 2014": {}, "Mon Jul 31 19:06:04 +0000 2017": {}, "Wed Feb 26 20:22:08 +0000 2014": {"book bag": {"book bag": 0.02976190476190476}, "homie": {"homie": 0.10416666666666667}}, "Sun Jun 22 15:19:20 +0000 2014": {"art": {"business": 0.010416666666666666}, "vacation day": {"vacation day": -0.09722222222222222}}, "Mon Nov 19 17:12:24 +0000 2018": {"art": {"thanks": -0.1875}}, "Tue Nov 20 20:35:11 +0000 2018": {"day": {"thanksgiving": 0.1875}}, "Thu Nov 12 23:37:58 +0000 2015": {}, "Tue Feb 03 08:53:27 +0000 2015": {}, "Wed Apr 30 13:24:37 +0000 2014": {"vacation": {"vacation": -0.25}}, "Fri Apr 11 00:09:45 +0000 2014": {"vacation": {"vacation": 0.010416666666666666}, "life": {"twitter": 0.010416666666666666, "break": -0.0375}}}