{"Thu Feb 18 03:21:09 +0000 2016": {}, "Sun Mar 27 23:09:44 +0000 2016": {"spring": {"spring": 0.5}}, "Sat Apr 02 19:00:28 +0000 2016": {}, "Sat Nov 21 01:00:40 +0000 2015": {"spring": {"fall": 0.041666666666666664}}, "Sat May 30 12:44:29 +0000 2015": {"spring": {"omen": 0.6130952380952381}}, "Thu Mar 08 23:37:57 +0000 2018": {}}