{"Sun May 18 06:54:34 +0000 2014": {}, "Sat Jul 21 05:36:33 +0000 2018": {"night": {"night": 0.10416666666666667, "cool": 0.14583333333333331}}, "Thu Feb 01 13:47:16 +0000 2018": {"night": {"hotel": 0.04591836734693878}}, "Wed Jan 31 20:38:08 +0000 2018": {}, "Wed Oct 03 16:59:44 +0000 2018": {}, "Wed Jul 23 21:19:42 +0000 2014": {}, "Mon Jun 16 06:35:28 +0000 2014": {"night": {"time": 0.014583333333333337}}}