{"Sat Oct 08 05:39:38 +0000 2016": {}, "Sun Feb 21 14:19:53 +0000 2016": {"activity": {"activity": 0.234375}}, "Fri Jan 23 01:45:50 +0000 2015": {"hotel": {"hotel": 0.010416666666666666}}, "Sat Jul 15 15:08:11 +0000 2017": {}, "Tue Dec 01 14:12:05 +0000 2015": {}, "Sat Sep 05 04:19:51 +0000 2015": {"hotel": {"arcade": -0.03289473684210526}}, "Mon Aug 08 20:50:22 +0000 2016": {"day": {"day": -0.09722222222222222}}, "Sun Oct 02 17:26:32 +0000 2016": {}, "Tue Jul 24 02:12:45 +0000 2018": {"wings": {"wings": 0.328125}}, "Thu Jul 28 01:48:00 +0000 2016": {}, "Fri Aug 12 03:53:51 +0000 2016": {}, "Fri Aug 12 03:45:59 +0000 2016": {}, "Fri Feb 21 21:28:36 +0000 2014": {"day": {"week": 0.013095238095238096}}, "Fri Nov 25 17:20:29 +0000 2016": {"wings": {"place": 0.1}}, "Wed Nov 04 17:04:40 +0000 2015": {"wings": {"buffalo": 0.010416666666666666}}, "Sun Jun 15 11:43:14 +0000 2014": {"activity": {"life": 0.017857142857142856}}, "Sat Jun 18 06:41:23 +0000 2016": {}}