{"Sun Apr 30 21:43:54 +0000 2017": {}, "Tue Jul 25 14:44:20 +0000 2017": {}, "Wed May 10 05:52:29 +0000 2017": {}, "Sat Jul 12 14:22:46 +0000 2014": {}, "Wed Jul 09 01:49:54 +0000 2014": {}, "Sun Mar 30 01:49:41 +0000 2014": {"vacation": {"vacation": -0.075}}, "Thu May 29 19:53:19 +0000 2014": {}, "Fri May 08 15:01:11 +0000 2015": {}, "Mon May 23 20:04:11 +0000 2016": {}, "Sat Mar 25 13:10:56 +0000 2017": {}, "Sat Apr 01 15:46:07 +0000 2017": {}, "Tue Feb 28 01:22:46 +0000 2017": {}, "Wed Mar 01 22:35:38 +0000 2017": {}, "Sun Feb 26 02:42:02 +0000 2017": {}, "Thu Mar 09 20:57:14 +0000 2017": {}, "Sat Mar 04 14:08:35 +0000 2017": {}, "Sat Sep 24 01:16:10 +0000 2016": {}, "Fri Sep 23 18:54:46 +0000 2016": {"hotel": {"hotel": 0.25}}, "Sun May 01 02:31:54 +0000 2016": {}, "Mon May 30 17:12:46 +0000 2016": {}, "Wed Oct 22 03:38:12 +0000 2014": {}, "Mon Feb 27 17:55:37 +0000 2017": {"moment": {"moment": -0.11458333333333333}}, "Mon Feb 27 16:08:22 +0000 2017": {}, "Sun Feb 26 16:39:23 +0000 2017": {"moment": {"time": -0.041666666666666664}}, "Thu Sep 15 11:56:15 +0000 2016": {}, "Mon Aug 04 02:03:41 +0000 2014": {"vacation": {"vacation": 0.0125}, "aeropostale": {"aeropostale": -0.021551724137931036}}, "Mon Apr 28 00:52:55 +0000 2014": {}, "Fri Jul 07 15:32:09 +0000 2017": {}, "Sat Jan 11 22:59:47 +0000 2014": {}, "Wed Jan 08 00:11:35 +0000 2014": {}, "Sun Aug 02 05:23:43 +0000 2015": {"moment": {"night": 0.2916666666666667, "music": 0.2916666666666667}}, "Mon Jun 22 01:54:55 +0000 2015": {}, "Sun Nov 22 18:51:56 +0000 2015": {}, "Wed Apr 30 14:31:21 +0000 2014": {}}