{"Tue May 08 15:29:05 +0000 2018": {"nature": {"nature": 0.21875}}, "Sun Feb 21 20:33:49 +0000 2016": {}, "Mon Jan 25 01:05:50 +0000 2016": {}, "Wed Dec 16 01:48:49 +0000 2015": {}, "Tue Jan 12 16:47:39 +0000 2016": {}, "Mon Jan 11 22:39:18 +0000 2016": {}, "Sat Jan 30 01:21:16 +0000 2016": {}, "Mon Jun 09 10:06:12 +0000 2014": {}, "Sun Sep 06 22:55:00 +0000 2015": {}, "Sat Jan 07 00:07:04 +0000 2017": {}, "Mon Jan 09 13:32:20 +0000 2017": {"nature": {"delivery": 0.10416666666666667}}, "Fri Apr 22 19:09:23 +0000 2016": {"nature": {"nature": 0.1}}, "Fri Apr 22 02:43:07 +0000 2016": {"nature": {"nature": 0.1}}, "Mon Apr 18 00:33:49 +0000 2016": {}, "Sun Oct 23 22:22:29 +0000 2016": {"nature": {"beauty": -0.075}}, "Sun Oct 08 19:39:18 +0000 2017": {}, "Fri Mar 16 15:32:04 +0000 2018": {}, "Sat Nov 07 21:09:13 +0000 2015": {}, "Sat Jun 20 21:07:06 +0000 2015": {"nature": {"day": 0.625}}}