{"Tue Jan 20 00:05:51 +0000 2015": {}, "Thu Sep 01 19:04:44 +0000 2016": {}, "Sun Sep 04 22:14:53 +0000 2016": {"holiday": {"holiday": 0.014705882352941176}}, "Tue Feb 18 00:19:32 +0000 2014": {"fish": {"fish": 0.09615384615384616}, "home": {"home": 0.02976190476190476, "football": -0.025}}, "Fri Feb 02 17:39:58 +0000 2018": {"home": {"bakery": 0.04166666666666667}}, "Mon May 18 19:26:33 +0000 2015": {}}