{"Thu Dec 22 22:19:40 +0000 2016": {}, "Sat May 05 19:29:53 +0000 2018": {}, "Sat May 05 19:13:23 +0000 2018": {}, "Fri Dec 29 19:25:48 +0000 2017": {}, "Sat Jul 25 03:09:58 +0000 2015": {"stop": {"stop": -0.09722222222222222}, "hotel": {"hotel": 0.1875}}, "Sun Oct 16 14:39:37 +0000 2016": {}, "Tue Feb 20 19:10:20 +0000 2018": {}, "Fri Sep 22 18:19:41 +0000 2017": {}, "Mon Jul 09 03:12:41 +0000 2018": {"thing": {"thing": -0.041666666666666664}}, "Wed Jun 20 12:21:17 +0000 2018": {"someone": {"someone": 0.041666666666666664}}, "Sun Sep 14 17:28:33 +0000 2014": {}, "Sun Aug 12 01:09:16 +0000 2018": {"sailing": {"sailing": 0.10416666666666667}}, "Fri Aug 10 02:28:42 +0000 2018": {"vacation": {"vacation": 0.375}}, "Mon Jun 09 13:31:07 +0000 2014": {"croissant": {"croissant": 0.0375}}, "Sun Jun 08 17:39:01 +0000 2014": {}, "Mon Feb 08 16:18:21 +0000 2016": {}, "Thu Nov 19 16:43:55 +0000 2015": {}, "Sun Apr 30 05:32:53 +0000 2017": {"nature": {"nature": 0.010416666666666666}, "party": {"party": -0.041666666666666664}}, "Sun Aug 28 01:56:02 +0000 2016": {}, "Fri Aug 26 21:36:22 +0000 2016": {"life": {"life": 0.017857142857142856}}, "Sun Jul 17 03:41:04 +0000 2016": {"fun": {"fun": 0.020833333333333332}}, "Sun Aug 07 05:10:19 +0000 2016": {}, "Mon May 08 17:21:17 +0000 2017": {}, "Sat Sep 17 20:28:51 +0000 2016": {}, "Thu Oct 06 19:07:52 +0000 2016": {}, "Fri Oct 17 20:05:34 +0000 2014": {}, "Mon Jul 23 00:43:14 +0000 2018": {"hotel": {"hotel": 0.6875}, "party": {"tea": 0.10714285714285714}}, "Wed Apr 20 01:36:10 +0000 2016": {}, "Mon Feb 29 01:01:39 +0000 2016": {}, "Sun Jul 24 15:39:37 +0000 2016": {}, "Thu May 28 23:08:45 +0000 2015": {}, "Thu Apr 13 21:38:52 +0000 2017": {}, "Sun Sep 30 18:54:33 +0000 2018": {"fall": {"fall": 0.017857142857142856}}, "Fri Sep 28 21:10:37 +0000 2018": {}, "Wed Oct 31 14:01:39 +0000 2018": {}, "Fri Mar 17 14:19:39 +0000 2017": {}, "Sun Apr 29 13:53:02 +0000 2018": {"business": {"business": 0.425}, "luxury": {"luxury": -0.203125}}, "Sat Dec 16 01:03:57 +0000 2017": {}, "Wed Feb 28 03:34:53 +0000 2018": {}, "Sun May 22 22:45:52 +0000 2016": {"nature": {"nature": -0.078125}}, "Sat May 21 13:12:04 +0000 2016": {"someone": {"bacon": 0.625}, "party": {"breakfast": 0.5}}, "Wed Sep 09 12:57:34 +0000 2015": {}, "Fri Aug 14 18:07:16 +0000 2015": {}, "Fri Aug 14 16:58:25 +0000 2015": {}, "Fri Aug 14 02:04:45 +0000 2015": {}, "Thu Apr 19 17:59:20 +0000 2018": {}, "Fri Aug 24 16:42:12 +0000 2018": {}, "Mon Sep 18 12:11:03 +0000 2017": {}, "Wed Oct 22 15:29:31 +0000 2014": {"area": {"area": 0.6875}}, "Wed Jan 04 23:26:10 +0000 2017": {"party": {"vino": 0.05729166666666667}}, "Thu Jan 05 15:48:46 +0000 2017": {}, "Mon Aug 24 02:58:37 +0000 2015": {}, "Sun Sep 11 03:31:09 +0000 2016": {}, "Tue Jun 26 16:06:34 +0000 2018": {}, "Thu Aug 04 18:27:18 +0000 2016": {}, "Tue Aug 02 03:14:38 +0000 2016": {"someone": {"person": 0.625}, "nature": {"world": 0.125}}, "Mon Oct 12 04:43:28 +0000 2015": {}, "Wed Nov 21 04:24:57 +0000 2018": {}, "Fri Nov 23 16:35:26 +0000 2018": {}, "Thu Nov 29 19:04:14 +0000 2018": {}, "Thu Nov 08 22:48:02 +0000 2018": {"fall": {"autumn": 0.5}}, "Thu Nov 15 20:22:25 +0000 2018": {}, "Mon Nov 16 23:22:16 +0000 2015": {}, "Sun Nov 15 10:07:46 +0000 2015": {"hotel": {"church": -0.25}}, "Mon Jul 10 22:52:48 +0000 2017": {}, "Mon Jan 08 22:03:22 +0000 2018": {"looks": {"looks": 0.041666666666666664}}, "Mon Jan 08 16:05:13 +0000 2018": {}, "Sun Apr 01 22:28:55 +0000 2018": {"easter": {"easter": 0.5625}, "place": {"place": 0.16666666666666666}}, "Sun May 21 13:13:34 +0000 2017": {"days": {"days": -0.25}}, "Thu Nov 29 20:01:27 +0000 2018": {"thing": {"fancy": 0.10227272727272728}}, "Fri Feb 10 00:43:13 +0000 2017": {}, "Mon Feb 13 01:07:48 +0000 2017": {}, "Sun Jun 21 04:46:54 +0000 2015": {"hotel": {"hotel": 0.01001602564102564}, "limo bus": {"limo bus": -0.125}}, "Wed Nov 18 20:39:55 +0000 2015": {"party": {"lunch": 0.2916666666666667}}, "Sun Feb 04 04:33:10 +0000 2018": {}, "Wed Jun 22 00:22:01 +0000 2016": {"stop": {"finish": 0.2916666666666667}, "vacation": {"vacation": 0.4006923076923077}, "days": {"day": 0.1652777777777778}}, "Thu Mar 05 20:49:43 +0000 2015": {}, "Thu Jun 30 21:25:05 +0000 2016": {"flowers.designinnature": {"flowers.designinnature": -0.15625}}, "Sat May 07 16:02:53 +0000 2016": {"vacation": {"picnic": 0.18593749999999998}}, "Mon Dec 04 03:30:21 +0000 2017": {"life": {"weekend": 0.2916666666666667}, "place": {"homes": 0.6875}}, "Sat May 16 22:31:35 +0000 2015": {}, "Tue Jan 17 21:36:56 +0000 2017": {}}