{"Sat Nov 28 21:05:09 +0000 2015": {}, "Fri Apr 01 18:53:40 +0000 2016": {}, "Thu Aug 16 02:17:20 +0000 2018": {}, "Sat Oct 01 20:19:16 +0000 2016": {"time": {"time": 0.10416666666666667}}, "Fri May 30 14:02:05 +0000 2014": {"time": {"dawn": 0.2951388888888889}, "cards": {"cards": 0.03214285714285714, "way": 0.4375}}, "Sun Jun 18 13:47:30 +0000 2017": {}, "Sat May 14 21:37:53 +0000 2016": {"cards": {"nature": 0.018518518518518517}, "animal": {"animal": 0.25}}, "Tue Mar 08 19:33:11 +0000 2016": {"time": {"spring": 0.02976190476190476}}, "Thu Mar 17 20:39:13 +0000 2016": {"time": {"vacation": 0.0}}, "Fri Jun 24 01:55:18 +0000 2016": {}, "Fri Apr 11 23:20:19 +0000 2014": {"cards": {"hotel": -0.03125, "facts": -0.5625}, "animal": {"girls": 0.1875}}}