{"Thu Feb 22 17:51:29 +0000 2018": {}, "Tue Jul 19 18:33:38 +0000 2016": {}, "Fri Oct 02 20:51:54 +0000 2015": {}, "Sun Jun 01 22:28:31 +0000 2014": {"world": {"world": 0.008928571428571428}}, "Sat Mar 19 21:20:24 +0000 2016": {"world": {"homeland": 0.022727272727272728}}, "Fri Apr 29 03:29:25 +0000 2016": {}, "Sat Aug 25 16:30:10 +0000 2018": {}, "Sat Jul 30 22:31:29 +0000 2016": {}, "Fri Aug 04 12:59:22 +0000 2017": {}, "Mon Jul 02 22:02:59 +0000 2018": {}, "Sat Aug 12 00:04:48 +0000 2017": {}, "Tue Jun 21 04:04:50 +0000 2016": {}, "Mon Jun 20 17:34:09 +0000 2016": {}, "Mon Jun 20 03:38:54 +0000 2016": {}, "Sun Jun 26 16:34:39 +0000 2016": {}}