{"Wed Jul 08 19:38:43 +0000 2015": {"ur": {"ur": 0.16666666666666666}}, "Tue Dec 13 18:58:48 +0000 2016": {}, "Fri Oct 07 13:24:48 +0000 2016": {"world": {"world": 0.75}, "beauty": {"beauty": 0.03125}}, "Wed Oct 12 00:56:36 +0000 2016": {}, "Sat Oct 08 18:16:01 +0000 2016": {}, "Fri Oct 07 03:00:39 +0000 2016": {}, "Fri May 04 20:47:35 +0000 2018": {}, "Sat Jun 04 02:34:03 +0000 2016": {}, "Thu Oct 20 18:35:40 +0000 2016": {}, "Mon Oct 17 03:38:27 +0000 2016": {}, "Sun Oct 16 04:03:33 +0000 2016": {}, "Sun Oct 16 03:54:01 +0000 2016": {}, "Sat Oct 15 19:39:47 +0000 2016": {}, "Wed Aug 15 11:46:38 +0000 2018": {}, "Mon Aug 06 23:57:47 +0000 2018": {}, "Mon Aug 06 23:55:57 +0000 2018": {}, "Mon Aug 20 22:32:36 +0000 2018": {}, "Sat Aug 18 22:25:19 +0000 2018": {}, "Wed Jun 25 01:15:56 +0000 2014": {"world": {"nature": 0.017857142857142856}}, "Thu Jan 12 20:42:14 +0000 2017": {}, "Sat Jan 07 14:23:37 +0000 2017": {}, "Mon May 01 22:54:23 +0000 2017": {"world": {"nature": 0.10416666666666667}}, "Mon Aug 29 13:20:06 +0000 2016": {}, "Mon Aug 29 00:09:22 +0000 2016": {"soul": {"soul": 0.6875}}, "Sun Aug 28 20:07:39 +0000 2016": {}, "Tue Aug 30 14:43:35 +0000 2016": {"bridge": {"bridge": -0.125}}, "Wed Apr 27 16:14:47 +0000 2016": {}, "Thu Jul 21 02:09:39 +0000 2016": {}, "Sat Jul 16 06:22:40 +0000 2016": {}, "Thu Aug 11 00:08:33 +0000 2016": {}, "Sun Aug 07 17:09:27 +0000 2016": {}, "Mon Aug 08 14:29:10 +0000 2016": {"adventure": {"adventure": -0.20833333333333334}}, "Wed Feb 01 16:29:19 +0000 2017": {}, "Thu Sep 08 01:37:20 +0000 2016": {}, "Tue Sep 06 20:02:49 +0000 2016": {}, "Sat Sep 03 15:25:59 +0000 2016": {}, "Tue Sep 20 22:18:36 +0000 2016": {}, "Fri Sep 16 15:39:50 +0000 2016": {}, "Thu Sep 22 18:04:16 +0000 2016": {}, "Thu Oct 06 11:05:05 +0000 2016": {}, "Wed Oct 05 18:01:01 +0000 2016": {}, "Sat Oct 01 19:14:03 +0000 2016": {}, "Sat Oct 01 18:38:47 +0000 2016": {}, "Thu Oct 06 20:37:09 +0000 2016": {"view": {"view": 0.3125}}, "Mon Oct 03 12:21:01 +0000 2016": {"world": {"nature": 0.19583333333333336}}, "Sat Oct 01 22:25:19 +0000 2016": {}, "Wed Jul 09 23:48:21 +0000 2014": {}, "Sat Jul 21 10:48:16 +0000 2018": {}, "Sat Jul 19 18:25:26 +0000 2014": {}, "Wed Jul 16 17:30:41 +0000 2014": {}, "Mon Nov 07 04:40:41 +0000 2016": {}, "Sun Nov 06 21:44:42 +0000 2016": {}, "Sun Nov 06 15:28:19 +0000 2016": {}, "Sun Oct 23 11:30:33 +0000 2016": {}, "Sat Oct 22 23:16:40 +0000 2016": {}, "Sat Nov 05 17:18:28 +0000 2016": {"drive": {"drive": 0.05729166666666667}}, "Tue Apr 19 00:00:03 +0000 2016": {}, "Wed Jan 25 23:16:42 +0000 2017": {}, "Sat Jun 09 02:52:50 +0000 2018": {}, "Tue Feb 21 14:37:35 +0000 2017": {}, "Wed Dec 30 03:28:44 +0000 2015": {"adventure": {"adventure": -0.03125}}, "Tue Jul 26 15:28:33 +0000 2016": {}, "Mon Jul 25 04:15:35 +0000 2016": {}, "Sat Jul 23 17:44:46 +0000 2016": {}, "Fri Jul 22 03:24:08 +0000 2016": {}, "Mon Mar 28 01:24:34 +0000 2016": {}, "Fri Apr 14 16:30:52 +0000 2017": {}, "Tue Apr 18 21:13:07 +0000 2017": {}, "Wed Mar 23 20:25:55 +0000 2016": {}, "Sat Mar 25 02:03:13 +0000 2017": {"world": {"nature": 0.10416666666666667}}, "Fri Sep 23 02:58:36 +0000 2016": {}, "Sat Sep 24 22:23:18 +0000 2016": {}, "Fri Sep 23 19:20:14 +0000 2016": {}, "Sun May 01 19:07:49 +0000 2016": {"world": {"nature": 0.013888888888888888}, "drive": {"power": 0.1875}, "places": {"places": 0.6875}}, "Sun May 01 16:01:11 +0000 2016": {}, "Tue Oct 25 08:30:00 +0000 2016": {}, "Sun Oct 23 16:43:13 +0000 2016": {}, "Wed Oct 26 21:25:41 +0000 2016": {}, "Sun Oct 30 22:14:59 +0000 2016": {"world": {"experience": 0.5}}, "Sat Oct 29 18:12:17 +0000 2016": {"adventure": {"adventure": 0.09615384615384616}}, "Mon Oct 31 22:37:05 +0000 2016": {}, "Thu Aug 18 14:08:47 +0000 2016": {}, "Tue Aug 16 17:53:13 +0000 2016": {}, "Mon Sep 10 02:27:59 +0000 2018": {}, "Tue Aug 18 18:37:39 +0000 2015": {}, "Thu Jul 30 18:40:49 +0000 2015": {}, "Sun Apr 02 13:44:41 +0000 2017": {}, "Thu Apr 06 04:15:29 +0000 2017": {}, "Tue Apr 04 19:57:40 +0000 2017": {}, "Sun Nov 13 21:43:22 +0000 2016": {"world": {"experience": 0.375}}, "Wed Nov 16 00:11:43 +0000 2016": {}, "Fri Nov 11 20:35:02 +0000 2016": {"time": {"time": -0.041666666666666664}}, "Fri Nov 11 20:30:37 +0000 2016": {}, "Fri Nov 11 20:29:24 +0000 2016": {}, "Sat May 28 01:55:43 +0000 2016": {"view": {"side": -0.21875}}, "Sat Jun 13 18:16:15 +0000 2015": {}, "Mon Sep 12 02:31:38 +0000 2016": {}, "Fri Jun 22 01:15:26 +0000 2018": {"view": {"eyes": -0.025}}, "Mon Aug 01 17:40:40 +0000 2016": {"world": {"people": -0.022727272727272728}}, "Fri Jul 29 22:40:16 +0000 2016": {"pics": {"pics": 0.625}}, "Mon Mar 07 10:37:56 +0000 2016": {}, "Sun Nov 20 22:23:45 +0000 2016": {"time": {"sunset": 0.75}}, "Sun Nov 20 01:43:22 +0000 2016": {}, "Fri Nov 18 21:41:17 +0000 2016": {}, "Fri Nov 18 17:22:54 +0000 2016": {}, "Thu Apr 23 00:16:51 +0000 2015": {"earth day": {"earth day": 0.5625}}, "Mon Mar 13 00:18:10 +0000 2017": {}, "Sat Mar 11 19:18:31 +0000 2017": {"vacation spot": {"vacation spot": 0.2916666666666667}}, "Wed Aug 24 23:29:02 +0000 2016": {}, "Tue Aug 23 08:33:22 +0000 2016": {"time": {"time": 0.125}, "holiday": {"holiday": 0.125}}, "Mon Aug 22 18:44:19 +0000 2016": {}, "Mon Aug 22 14:25:16 +0000 2016": {"places": {"a": 0.08333333333333334}}, "Mon Aug 22 14:22:55 +0000 2016": {}, "Mon Aug 22 21:54:08 +0000 2016": {"view": {"view": 0.3020833333333333}}, "Fri Aug 19 00:03:52 +0000 2016": {"places": {"place": -0.25}}, "Thu Jul 06 00:35:46 +0000 2017": {}, "Wed Nov 30 05:30:08 +0000 2016": {}, "Tue Nov 29 16:04:22 +0000 2016": {"beauty": {"beauty": 0.625}, "ontario canada": {"ontario canada": 0.07366071428571429}}, "Fri Nov 25 14:03:40 +0000 2016": {"time": {"window": 0.041666666666666664}}, "Mon Jul 30 22:02:24 +0000 2018": {"world": {"planet": 0.5}, "view": {"sights": 0.46875}}, "Sat Jun 11 07:18:02 +0000 2016": {"pics": {"picture": 0.75}}, "Mon Mar 06 03:58:44 +0000 2017": {}, "Sun Mar 05 03:21:03 +0000 2017": {}, "Sat May 13 00:09:32 +0000 2017": {}, "Thu Jul 19 03:36:25 +0000 2018": {}, "Fri Sep 22 13:32:27 +0000 2017": {}, "Fri Sep 22 13:37:51 +0000 2017": {}, "Mon Feb 13 21:21:53 +0000 2017": {"places": {"seminar": 0.5}, "holiday": {"day": 0.75}}, "Sun Jun 21 00:58:01 +0000 2015": {"drive": {"way": 0.029222222222222212}}, "Wed Jun 22 05:11:50 +0000 2016": {}, "Mon Jun 20 13:53:50 +0000 2016": {"time": {"life": -0.15625}}, "Sun Jun 19 02:05:08 +0000 2016": {}, "Sun Jun 26 00:45:55 +0000 2016": {}, "Tue May 10 10:49:11 +0000 2016": {}, "Sun Aug 05 00:32:54 +0000 2018": {}, "Sat Aug 04 18:03:19 +0000 2018": {}, "Wed Jan 18 22:12:31 +0000 2017": {}, "Fri Jan 13 21:13:41 +0000 2017": {}}