{"Wed Oct 24 20:31:05 +0000 2018": {"music": {"music": 0.1875}, "nature": {"nature": 0.18125}}, "Tue Sep 18 17:02:07 +0000 2018": {"diamonds": {"diamonds": 0.375}}, "Wed Oct 24 02:12:18 +0000 2018": {}, "Tue Oct 23 13:16:55 +0000 2018": {"sight": {"sight": 0.25}}, "Fri Oct 26 15:48:22 +0000 2018": {}, "Sun Oct 21 05:24:53 +0000 2018": {}, "Sun Oct 21 03:45:12 +0000 2018": {}, "Sun Oct 21 01:46:19 +0000 2018": {}, "Mon Oct 22 19:56:54 +0000 2018": {}, "Fri Jul 06 23:59:14 +0000 2018": {}, "Sun Aug 12 02:48:35 +0000 2018": {}, "Fri Aug 17 01:21:13 +0000 2018": {}, "Mon Sep 07 00:40:16 +0000 2015": {"wonders": {"wonders": 0.6875}}, "Sun Jul 22 21:58:39 +0000 2018": {}, "Sun Jul 22 21:09:48 +0000 2018": {"sight": {"view": 0.375}}, "Mon Jul 23 01:23:15 +0000 2018": {"sight": {"view": 0.375}}, "Mon Oct 08 22:30:24 +0000 2018": {"sight": {"excuses": -0.05357142857142857}}, "Sun Oct 04 03:13:31 +0000 2015": {"wonders": {"day": -0.1875}}, "Sun Sep 02 21:11:51 +0000 2018": {}, "Thu Oct 04 15:36:29 +0000 2018": {}, "Thu Oct 04 07:25:29 +0000 2018": {}, "Mon Oct 15 12:30:34 +0000 2018": {}, "Mon Oct 15 21:58:29 +0000 2018": {}, "Tue Oct 30 02:15:00 +0000 2018": {"option": {"option": 0.2916666666666667}}, "Sun Oct 28 22:21:25 +0000 2018": {}, "Sun Sep 09 16:12:44 +0000 2018": {}, "Wed Aug 29 21:32:29 +0000 2018": {}, "Sat Jun 23 02:16:59 +0000 2018": {}, "Sun Jun 24 15:09:05 +0000 2018": {"side js": {"side js": 0.6205357142857143}, "everytime": {"everytime": 0.5}}, "Wed Nov 21 03:32:09 +0000 2018": {"kinda": {"kinda": -0.4583333333333333}}, "Wed Nov 21 01:00:14 +0000 2018": {"wonders": {"success": 0.25}, "falls canada": {"falls canada": 0.3125}}, "Mon Nov 19 19:46:33 +0000 2018": {}, "Mon Sep 28 07:17:41 +0000 2015": {}, "Sat Nov 24 14:39:28 +0000 2018": {}, "Fri Nov 23 21:22:42 +0000 2018": {"sight": {"end": 0.10416666666666667}}, "Fri Jun 19 16:49:28 +0000 2015": {"trip": {"trip": -0.1346153846153846, "way": 0.24296016483516486}}, "Thu Nov 08 00:44:46 +0000 2018": {}, "Wed Nov 14 05:18:45 +0000 2018": {}, "Fri Nov 02 23:16:28 +0000 2018": {}}