{"Thu Oct 15 16:10:32 +0000 2015": {}, "Tue Oct 13 20:01:27 +0000 2015": {}, "Sat Oct 14 15:30:25 +0000 2017": {}, "Sat Sep 05 19:43:35 +0000 2015": {}, "Fri Aug 07 14:28:29 +0000 2015": {}, "Sun Jul 23 23:41:08 +0000 2017": {"attraction": {"attraction": 0.14583333333333334}, "fun": {"fun": 0.16666666666666666}}, "Sat Apr 21 17:04:57 +0000 2018": {}, "Sun Apr 17 15:39:48 +0000 2016": {"attraction": {"nature": 0.6875}}, "Thu Mar 31 21:45:47 +0000 2016": {}, "Wed Jul 15 23:39:36 +0000 2015": {"fun": {"pair": 0.022727272727272728}}, "Tue Dec 15 15:21:53 +0000 2015": {}, "Sat Oct 13 01:21:40 +0000 2018": {}, "Sat Mar 25 19:48:20 +0000 2017": {}, "Sun May 01 05:21:49 +0000 2016": {}, "Wed Aug 17 01:07:04 +0000 2016": {}, "Thu Aug 18 20:01:20 +0000 2016": {"fun": {"adventure": -0.203125}, "day": {"day": -0.21875}}, "Thu Apr 30 11:24:16 +0000 2015": {"day": {"vacation": 0.125}}, "Thu Apr 19 22:33:19 +0000 2018": {}, "Thu Apr 19 18:28:50 +0000 2018": {}, "Thu Apr 06 00:24:38 +0000 2017": {"fun": {"place": 0.1875}}, "Sat Aug 25 20:43:23 +0000 2018": {"day": {"time": 0.5}}, "Sat Feb 25 19:17:44 +0000 2017": {"wolf lodge": {"wolf lodge": 0.2916666666666667}}, "Wed Mar 09 00:05:25 +0000 2016": {}, "Mon Aug 07 01:46:19 +0000 2017": {"fun": {"trees": 0.10416666666666667}}, "Mon Oct 12 19:23:23 +0000 2015": {"fun": {"adventure": -0.025}, "day": {"day": 0.6875}}, "Thu Aug 27 20:49:23 +0000 2015": {}, "Sun Jul 09 17:21:48 +0000 2017": {}, "Tue Aug 15 20:30:53 +0000 2017": {}, "Fri Feb 02 14:08:10 +0000 2018": {}, "Sat Mar 07 05:01:36 +0000 2015": {}}