{"Wed Dec 24 01:11:49 +0000 2014": {}, "Fri Aug 18 17:03:34 +0000 2017": {}, "Sun Aug 14 22:32:07 +0000 2016": {"healing": {"healing": -0.05}}, "Sun May 03 11:05:43 +0000 2015": {}, "Thu Jul 05 04:04:51 +0000 2018": {"water": {"water": 0.07291666666666667}}, "Wed Apr 01 04:43:45 +0000 2015": {"vacation": {"vacation": 0.22916666666666666}}, "Tue Jun 30 20:05:35 +0000 2015": {}, "Wed Jul 18 15:55:06 +0000 2018": {"water": {"waters": -0.1484375}, "god": {"god": 0.5}}, "Sun Apr 20 15:51:31 +0000 2014": {"vacation": {"break": 0.20833333333333334, "holiday": -0.25}, "god": {"games": 0.1}}, "Wed Jun 22 18:11:49 +0000 2016": {}, "Sun Aug 05 16:28:01 +0000 2018": {}, "Sun Feb 05 00:05:30 +0000 2017": {}}