{"Sun May 06 10:19:29 +0000 2018": {}, "Wed May 09 18:38:31 +0000 2018": {}, "Mon Apr 09 22:21:40 +0000 2018": {}, "Sun May 13 23:08:20 +0000 2018": {}, "Fri Oct 16 04:42:06 +0000 2015": {}, "Mon Feb 19 19:08:55 +0000 2018": {}, "Sun Feb 18 15:11:31 +0000 2018": {}, "Sat Feb 17 20:22:52 +0000 2018": {}, "Sat Feb 17 17:06:52 +0000 2018": {}, "Wed Jul 11 06:45:18 +0000 2018": {}, "Thu Jun 21 21:53:00 +0000 2018": {}, "Sun Jul 08 16:56:42 +0000 2018": {}, "Tue Jun 26 20:53:48 +0000 2018": {}, "Tue Aug 14 02:17:15 +0000 2018": {}, "Sun Aug 12 23:25:22 +0000 2018": {}, "Sat Aug 11 02:33:21 +0000 2018": {}, "Fri Aug 10 20:38:43 +0000 2018": {}, "Fri Aug 10 22:26:39 +0000 2018": {"holiday": {"holiday": 0.08333333333333333}}, "Sat Aug 18 03:42:41 +0000 2018": {}, "Sun Apr 22 04:26:32 +0000 2018": {}, "Sat Apr 21 14:34:48 +0000 2018": {}, "Fri Apr 20 03:52:35 +0000 2018": {}, "Thu Apr 12 04:59:06 +0000 2018": {}, "Wed Apr 11 20:12:45 +0000 2018": {"power": {"power": -0.0625}, "place": {"place": 0.125}}, "Sat Apr 07 19:54:13 +0000 2018": {}, "Thu Mar 15 12:46:56 +0000 2018": {"breakfast": {"breakfast": 0.009615384615384616}}, "Mon Mar 12 00:54:58 +0000 2018": {"world": {"world": 0.03125}}, "Sun Mar 11 14:29:56 +0000 2018": {}, "Thu Jul 26 13:52:55 +0000 2018": {"world": {"person": -0.075}}, "Mon Jul 23 22:20:49 +0000 2018": {"world": {"nature": 0.4166666666666667}}, "Mon Jul 23 16:09:00 +0000 2018": {"place": {"view": -0.0625}}, "Mon Oct 08 20:23:55 +0000 2018": {"place": {"couple": -0.041666666666666664}}, "Mon Sep 17 13:15:58 +0000 2018": {}, "Wed Feb 17 01:34:20 +0000 2016": {}, "Tue Jun 12 11:43:36 +0000 2018": {}, "Fri Jun 08 16:20:05 +0000 2018": {}, "Fri Jun 08 16:17:24 +0000 2018": {}, "Thu Jun 07 22:56:31 +0000 2018": {}, "Thu Jun 07 20:21:47 +0000 2018": {}, "Sun Sep 02 05:10:50 +0000 2018": {}, "Mon Sep 03 20:32:13 +0000 2018": {}, "Wed Jan 01 00:31:36 +0000 2014": {}, "Thu Oct 04 14:39:27 +0000 2018": {}, "Sat Sep 29 22:23:29 +0000 2018": {}, "Wed Oct 03 14:54:38 +0000 2018": {"place": {"places": 0.4583333333333333}, "world": {"life": 0.4583333333333333}}, "Mon Oct 01 02:38:27 +0000 2018": {"world": {"boats": 0.1}}, "Sat Sep 29 23:58:04 +0000 2018": {"world": {"wonders": 0.25}}, "Sun Sep 30 01:12:16 +0000 2018": {"world": {"nature": 0.5}}, "Fri May 08 03:38:13 +0000 2015": {}, "Tue May 01 17:52:49 +0000 2018": {}, "Wed Feb 28 02:19:56 +0000 2018": {"place": {"part": 0.625}}, "Thu Mar 01 03:14:30 +0000 2018": {}, "Tue Feb 27 22:30:16 +0000 2018": {}, "Sun Feb 25 21:06:09 +0000 2018": {}, "Sun Sep 09 14:51:29 +0000 2018": {"holiday": {"date": 0.5}, "power": {"force": 0.25}}, "Thu Sep 13 13:10:37 +0000 2018": {"falls place": {"falls place": 0.6875}}, "Mon Sep 10 22:07:18 +0000 2018": {"place": {"view": 0.028125}}, "Thu Apr 19 12:10:26 +0000 2018": {}, "Sat Aug 25 21:37:28 +0000 2018": {}, "Fri Aug 24 13:28:35 +0000 2018": {}, "Fri Aug 24 10:18:35 +0000 2018": {}, "Fri Aug 24 00:29:05 +0000 2018": {"place": {"slice": -0.203125}}, "Sun Mar 18 21:54:26 +0000 2018": {"time today": {"time today": 0.2916666666666667}}, "Sun Mar 18 21:44:52 +0000 2018": {}, "Sat Mar 17 23:07:45 +0000 2018": {}, "Sun Mar 18 08:51:13 +0000 2018": {}, "Sat Feb 25 22:23:59 +0000 2017": {}, "Sun Jun 24 04:51:54 +0000 2018": {}, "Fri Jun 22 19:47:28 +0000 2018": {}, "Fri Jun 22 12:56:06 +0000 2018": {}, "Thu Jun 21 18:14:53 +0000 2018": {}, "Mon Jun 18 01:06:50 +0000 2018": {"world": {"wood": -0.203125}}, "Wed Aug 01 22:57:07 +0000 2018": {}, "Wed Aug 01 19:55:21 +0000 2018": {"place": {"canada": 0.13194444444444445}, "world": {"treat": 0.013888888888888888}}, "Tue Jul 31 14:48:37 +0000 2018": {"place": {"place": 0.14583333333333334}}, "Mon Jul 30 19:37:37 +0000 2018": {}, "Thu Jul 05 13:43:59 +0000 2018": {}, "Sun Jul 01 20:17:17 +0000 2018": {"holiday": {"day": 0.5625}, "falls!pure power": {"falls!pure power": 0.3854166666666667}}, "Sat Jun 30 20:03:49 +0000 2018": {}, "Fri Jun 29 11:26:46 +0000 2018": {}, "Tue Jul 03 22:30:39 +0000 2018": {}, "Sun Jul 01 13:38:06 +0000 2018": {}, "Fri Jun 29 13:51:01 +0000 2018": {}, "Fri Jun 29 04:12:26 +0000 2018": {}, "Tue Apr 03 09:33:11 +0000 2018": {}, "Sat Mar 31 22:27:01 +0000 2018": {}, "Fri Mar 30 17:50:30 +0000 2018": {}, "Fri Jul 13 20:11:28 +0000 2018": {}, "Tue Jul 17 02:20:31 +0000 2018": {}, "Sat Jul 14 12:01:42 +0000 2018": {}, "Fri Sep 21 02:59:41 +0000 2018": {}, "Mon May 14 21:21:05 +0000 2018": {}, "Mon May 14 17:37:50 +0000 2018": {}, "Sun May 13 21:43:20 +0000 2018": {}, "Tue May 15 03:30:37 +0000 2018": {}, "Tue Feb 06 19:33:06 +0000 2018": {}, "Fri Feb 02 21:38:29 +0000 2018": {}, "Mon Aug 06 23:53:32 +0000 2018": {}, "Fri Mar 02 05:14:33 +0000 2018": {"beauty side": {"beauty side": 0.16666666666666666}}, "Thu Mar 08 14:13:35 +0000 2018": {}, "Thu Mar 08 04:48:35 +0000 2018": {}, "Sun Mar 04 12:38:00 +0000 2018": {}}