{"Mon Oct 10 16:42:11 +0000 2016": {}, "Thu Feb 25 21:53:58 +0000 2016": {}, "Sat Oct 15 00:48:38 +0000 2016": {}, "Wed Aug 31 07:14:30 +0000 2016": {"adventure": {"adventure": 0.022727272727272728}}, "Sat Aug 27 23:24:13 +0000 2016": {}, "Sat Aug 27 12:45:44 +0000 2016": {"lunch": {"lunch": 0.625}}, "Fri Aug 26 14:34:44 +0000 2016": {}, "Fri Aug 26 14:20:16 +0000 2016": {}, "Fri Jul 15 23:52:09 +0000 2016": {}, "Tue Aug 09 19:43:12 +0000 2016": {}, "Mon Aug 08 23:57:49 +0000 2016": {}, "Tue Aug 09 04:18:06 +0000 2016": {}, "Thu Sep 08 04:38:31 +0000 2016": {}, "Wed Sep 07 00:39:36 +0000 2016": {"time": {"time": 0.2916666666666667}}, "Tue Sep 06 17:37:30 +0000 2016": {"time": {"time": 0.375}, "nature": {"nature": 0.10855263157894737}}, "Fri Sep 02 14:57:09 +0000 2016": {}, "Fri Sep 02 14:53:37 +0000 2016": {}, "Fri Sep 16 17:03:25 +0000 2016": {"way": {"way": 0.2916666666666667}}, "Wed Oct 05 20:42:43 +0000 2016": {}, "Thu Oct 06 18:24:10 +0000 2016": {}, "Fri Jul 03 22:15:07 +0000 2015": {}, "Sun Apr 16 21:18:03 +0000 2017": {"way": {"form": -0.03571428571428571}}, "Wed Sep 28 20:05:17 +0000 2016": {"things": {"things": 0.3125}}, "Mon Sep 26 01:07:19 +0000 2016": {}, "Sat Sep 24 16:15:55 +0000 2016": {"view": {"view": 0.2916666666666667}}, "Wed Oct 26 13:22:49 +0000 2016": {"view": {"pictures": -0.25}}, "Fri Oct 21 02:43:03 +0000 2016": {}, "Sat Oct 29 20:58:37 +0000 2016": {}, "Fri Oct 28 17:23:59 +0000 2016": {}, "Sun Aug 16 11:28:42 +0000 2015": {}, "Sun May 15 21:45:00 +0000 2016": {"nature": {"nature": 0.11458333333333333}, "things": {"thing": 0.25}}, "Thu Jun 11 15:24:12 +0000 2015": {}, "Thu Aug 20 16:02:02 +0000 2015": {}, "Sun Sep 11 02:05:22 +0000 2016": {}, "Tue Sep 13 17:21:40 +0000 2016": {}, "Sun Sep 11 02:38:48 +0000 2016": {"time": {"life": 0.0, "day": 0.625}}, "Thu Apr 14 15:15:46 +0000 2016": {"st": {"st": 0.0125}}, "Thu Mar 16 18:43:33 +0000 2017": {}, "Mon Aug 22 21:39:42 +0000 2016": {}, "Tue Aug 23 12:10:09 +0000 2016": {"canada niagara": {"canada niagara": 0.6875}}, "Mon Aug 22 16:09:11 +0000 2016": {"time": {"energy": 0.10317460317460317}}, "Mon Aug 22 00:42:23 +0000 2016": {"time": {"files": -0.22727272727272727, "day": 0.575}}, "Sat Mar 04 17:00:00 +0000 2017": {}, "Sun Jun 26 00:45:12 +0000 2016": {}}