{"Fri Sep 26 16:59:33 +0000 2014": {"day": {"day": 0.6875}}, "Sat Jan 09 18:08:07 +0000 2016": {"day": {"night": -0.04236111111111111}}, "Sun Feb 01 14:38:28 +0000 2015": {"day": {"night": -0.025651927437641723, "hotel": 0.0}}}