{"Sat Dec 06 05:11:44 +0000 2014": {"year": {"year": -0.042534722222222224, "hotel": -0.03125}}, "Thu Jul 30 04:02:07 +0000 2015": {"year": {"business": -0.08333333333333333}}}