{"Wed Sep 24 18:03:06 +0000 2014": {"view": {"view": 0.6428571428571429}}, "Thu Feb 25 15:23:48 +0000 2016": {}, "Thu Oct 15 17:41:45 +0000 2015": {"days": {"days": 0.03125}}, "Thu Nov 02 20:44:00 +0000 2017": {}, "Tue Jul 28 02:19:51 +0000 2015": {"view": {"view": 0.75}, "life": {"life": 0.0125}}, "Sun Jul 06 19:28:43 +0000 2014": {"view": {"view": 0.6130952380952381}}, "Fri Jan 06 20:38:41 +0000 2017": {}, "Mon Aug 10 03:31:30 +0000 2015": {"life": {"treat": -0.09722222222222222}}, "Wed Jul 20 20:34:46 +0000 2016": {}, "Sun Aug 07 03:28:05 +0000 2016": {}, "Mon Jul 24 14:21:57 +0000 2017": {}, "Mon Sep 05 23:43:01 +0000 2016": {}, "Fri Sep 16 16:51:03 +0000 2016": {"view": {"view": 0.1}}, "Fri Jul 18 18:38:27 +0000 2014": {}, "Wed Oct 10 14:39:34 +0000 2018": {}, "Sat Jul 04 19:54:38 +0000 2015": {}, "Tue Jan 24 00:06:39 +0000 2017": {}, "Wed Dec 30 20:10:50 +0000 2015": {}, "Wed Mar 30 02:04:39 +0000 2016": {}, "Mon Oct 12 22:07:32 +0000 2015": {}, "Tue Dec 27 00:44:58 +0000 2016": {"view": {"view": 0.2916666666666667}, "days": {"holidays": 0.5625}}, "Sun Dec 25 20:50:39 +0000 2016": {"view": {"view": 0.0}}, "Fri May 08 11:38:10 +0000 2015": {}, "Wed Aug 23 16:34:35 +0000 2017": {}, "Fri Mar 24 19:08:07 +0000 2017": {}, "Sat Oct 29 02:09:16 +0000 2016": {}, "Mon Aug 15 00:22:41 +0000 2016": {"view": {"views": 0.375}, "hotel": {"hotel": -0.03289473684210526}}, "Tue Oct 28 12:36:37 +0000 2014": {}, "Sun Mar 01 13:45:19 +0000 2015": {"way": {"way": 0.625}}, "Mon May 25 22:56:50 +0000 2015": {"life": {"time": 0.6130952380952381}, "way": {"room": 0.09375}}, "Tue Jun 26 12:16:12 +0000 2018": {}, "Fri Aug 08 09:56:29 +0000 2014": {"view": {"view": 0.375}}, "Fri Nov 18 15:40:17 +0000 2016": {}, "Sun Oct 11 02:02:20 +0000 2015": {}, "Sat Apr 25 01:45:23 +0000 2015": {"view": {"view": 0.5}}, "Mon Jul 10 22:55:03 +0000 2017": {"life": {"sunrise": 0.041666666666666664}}, "Wed Jun 07 20:35:11 +0000 2017": {}, "Sat Mar 04 19:57:04 +0000 2017": {}, "Tue Jun 30 04:47:59 +0000 2015": {}, "Thu Apr 07 23:32:05 +0000 2016": {"days": {"week": -0.09722222222222222}}, "Mon Jul 28 19:15:16 +0000 2014": {"view": {"view": 0.1875}}, "Thu Jul 30 04:50:40 +0000 2015": {"package deals": {"package deals": 0.34375}}, "Tue Jun 13 02:10:15 +0000 2017": {"life": {"dimension": 0.5}}, "Fri Apr 18 22:00:12 +0000 2014": {}, "Thu Feb 16 21:36:34 +0000 2017": {}, "Tue Jun 17 22:44:54 +0000 2014": {"vagabond girl": {"vagabond girl": 0.7916666666666666}}, "Thu Jun 12 23:47:47 +0000 2014": {"view": {"view": 0.0}}, "Mon Mar 14 02:45:38 +0000 2016": {"view": {"view": 0.028846153846153848}}, "Fri Mar 11 21:20:28 +0000 2016": {}, "Fri Dec 01 14:21:15 +0000 2017": {}, "Thu Nov 15 08:38:48 +0000 2018": {"view": {"view": 0.5}}}