{"Sun May 07 20:56:52 +0000 2017": {"time": {"time": 0.2916666666666667}}, "Mon Sep 05 11:57:38 +0000 2016": {"time": {"focus": 0.09375}}, "Sat Jan 25 22:22:56 +0000 2014": {"time": {"hotel": -0.03289473684210526}}}