{"Mon Jun 02 02:28:50 +0000 2014": {"day": {"day": -0.05555555555555555, "home": 0.010416666666666666}}}