{"Sun Jan 11 18:32:18 +0000 2015": {"world": {"world": 0.15, "someone": 0.041666666666666664, "places": 0.08333333333333333}}}