{"Sat Jul 02 23:36:39 +0000 2016": {"adventure": {"adventure": 0.0125}}, "Sat Jul 09 14:46:56 +0000 2016": {}, "Fri Jan 02 03:20:58 +0000 2015": {"days": {"days": 0.045454545454545456}}, "Sun Apr 16 21:38:32 +0000 2017": {}, "Tue Aug 02 00:59:04 +0000 2016": {}, "Wed Jan 28 09:16:17 +0000 2015": {"days": {"story": -0.0640625}}, "Wed Jun 24 16:10:59 +0000 2015": {"days": {"day": 0.2916666666666667}}, "Thu Nov 19 03:25:20 +0000 2015": {"dinner": {"dinner": 0.75, "wine": 0.2916666666666667, "company": 0.40559999999999996}}}