{"Tue Jan 31 13:28:51 +0000 2017": {"drop": {"drop": 0.10416666666666667}}, "Tue Jul 12 13:23:31 +0000 2016": {"drop": {"things": 0.022727272727272728, "adventure": -0.026442307692307692}}, "Sat Jul 09 20:38:40 +0000 2016": {}, "Mon Apr 10 22:55:17 +0000 2017": {"drop": {"adventure": 0.025}}, "Sun May 10 13:45:15 +0000 2015": {}, "Tue Mar 28 23:51:10 +0000 2017": {}, "Sat Oct 24 19:00:45 +0000 2015": {}, "Sun Oct 11 13:36:00 +0000 2015": {"drop": {"holiday": 0.010416666666666666}, "charlie": {"charlie": -0.203125}}}