{"Fri Jan 22 13:38:55 +0000 2016": {"place": {"place": 0.2916666666666667}}, "Fri May 26 22:30:21 +0000 2017": {}, "Thu May 25 19:23:13 +0000 2017": {}, "Tue Aug 11 14:38:57 +0000 2015": {}, "Tue Apr 11 22:30:28 +0000 2017": {}, "Wed Oct 22 13:28:27 +0000 2014": {"place": {"time": -0.09722222222222222}}, "Wed Feb 26 13:44:21 +0000 2014": {}, "Wed Apr 01 12:10:28 +0000 2015": {}, "Wed Jul 29 14:12:50 +0000 2015": {}}