{"Sat Aug 06 21:35:48 +0000 2016": {}, "Sun Mar 25 20:15:34 +0000 2018": {}, "Sat Nov 25 20:01:51 +0000 2017": {}, "Mon Jul 25 16:41:48 +0000 2016": {}, "Fri Jul 22 12:47:35 +0000 2016": {}, "Tue Feb 24 02:11:19 +0000 2015": {"world": {"world": 0.009615384615384616}}, "Tue Jul 03 23:21:34 +0000 2018": {}, "Tue Jul 03 12:15:39 +0000 2018": {"world": {"questions": -0.026785714285714284}}, "Mon Jul 02 20:04:27 +0000 2018": {}, "Sun Sep 24 22:26:46 +0000 2017": {"world": {"friend": 0.7916666666666666}}, "Tue May 10 00:45:38 +0000 2016": {}}