{"Sat Feb 01 20:49:32 +0000 2014": {"time": {"time": -0.03125, "night": -0.09722222222222222}}}