{"Thu Dec 22 14:27:13 +0000 2016": {}, "Mon May 07 21:23:11 +0000 2018": {}, "Fri Oct 14 22:08:38 +0000 2016": {}, "Thu May 08 02:00:17 +0000 2014": {"while": {"while": -0.25}, "bed": {"bed": 0.015625}}, "Sat Sep 16 16:11:50 +0000 2017": {}, "Wed Aug 03 20:59:04 +0000 2016": {}, "Tue Oct 13 00:42:47 +0000 2015": {"bed": {"hearts": -0.1488095238095238}}}