{"Sat Jul 11 03:25:48 +0000 2015": {"moment": {"moment": 0.0673076923076923}}, "Sun May 06 10:58:17 +0000 2018": {"country": {"country": 0.6875}}, "Sat Feb 20 05:39:01 +0000 2016": {}, "Mon Oct 19 14:42:59 +0000 2015": {"roots": {"roots": 0.09166666666666667}}, "Sun Oct 18 17:50:44 +0000 2015": {"therapy": {"therapy": 0.6205357142857143}}, "Wed Oct 18 01:45:16 +0000 2017": {"time": {"time": 0.2916666666666667}}, "Sat Oct 14 00:42:05 +0000 2017": {}, "Sat Oct 28 15:04:34 +0000 2017": {}, "Sat Oct 28 14:26:04 +0000 2017": {}, "Mon Oct 30 00:33:09 +0000 2017": {"adventure": {"adventure": 0.0125}}, "Sat Oct 28 19:48:13 +0000 2017": {}, "Tue Sep 09 19:40:37 +0000 2014": {"time": {"day": -0.09722222222222222}, "attraction": {"attraction": -0.09722222222222222}}, "Sun Sep 07 16:19:33 +0000 2014": {"post": {"post": -0.375}}, "Sat Jul 25 19:17:13 +0000 2015": {"time": {"time": 0.2916666666666667}}, "Wed Jul 22 01:52:05 +0000 2015": {"peek": {"peek": 0.041666666666666664}}, "Wed Jan 27 05:12:59 +0000 2016": {"moment": {"moment": 0.125}}, "Wed Oct 19 04:58:17 +0000 2016": {"falls": {"falls": 0.5}}, "Sat Jun 06 14:17:58 +0000 2015": {}, "Wed Feb 14 22:25:21 +0000 2018": {}, "Sat Feb 10 23:39:03 +0000 2018": {"time": {"time": 0.2916666666666667}}, "Fri Jul 01 21:04:26 +0000 2016": {}, "Sat Aug 23 17:28:20 +0000 2014": {}, "Wed Sep 02 08:08:56 +0000 2015": {"time": {"experience": -0.020833333333333332}}, "Fri Jan 06 06:11:57 +0000 2017": {}, "Thu Jul 27 01:34:01 +0000 2017": {}, "Tue Jul 25 00:01:21 +0000 2017": {}, "Wed May 07 20:39:04 +0000 2014": {}, "Wed May 07 18:36:55 +0000 2014": {}, "Wed May 07 18:11:16 +0000 2014": {}, "Thu May 11 00:37:57 +0000 2017": {}, "Sat Apr 07 12:21:17 +0000 2018": {}, "Tue Jul 12 02:25:00 +0000 2016": {}, "Wed Jun 08 18:07:29 +0000 2016": {}, "Thu Jun 09 00:06:22 +0000 2016": {"view": {"view": 0.6875}}, "Fri Jun 03 14:47:29 +0000 2016": {"view": {"field": -0.203125}}, "Wed Jul 16 02:59:59 +0000 2014": {}, "Sun Jul 20 06:58:42 +0000 2014": {"falls": {"hotel": 0.09375}}, "Thu Apr 21 02:33:14 +0000 2016": {}, "Tue Apr 19 22:14:24 +0000 2016": {}, "Thu Jul 02 15:33:10 +0000 2015": {"moment": {"bit": -0.203125}}, "Wed Jul 01 19:21:59 +0000 2015": {}, "Sat Oct 31 16:01:38 +0000 2015": {}, "Sun Feb 19 00:49:52 +0000 2017": {}, "Wed Feb 22 21:11:08 +0000 2017": {"shot": {"shot": 0.1875}}, "Thu Jul 28 01:51:01 +0000 2016": {}, "Wed Mar 26 01:27:07 +0000 2014": {}, "Thu Oct 01 23:49:11 +0000 2015": {"time": {"flowers": 0.6875}}, "Sat Oct 03 03:25:05 +0000 2015": {}, "Fri Oct 10 18:35:39 +0000 2014": {}, "Wed Oct 08 13:35:36 +0000 2014": {}, "Sat Mar 26 18:36:18 +0000 2016": {}, "Sun Apr 16 19:56:35 +0000 2017": {}, "Wed May 27 19:23:36 +0000 2015": {}, "Sat Dec 12 16:53:05 +0000 2015": {}, "Sat Dec 12 20:34:56 +0000 2015": {}, "Tue Apr 11 18:12:16 +0000 2017": {}, "Mon Apr 10 07:59:15 +0000 2017": {}, "Sat Oct 21 14:56:45 +0000 2017": {}, "Mon May 11 03:26:37 +0000 2015": {}, "Fri May 08 15:15:41 +0000 2015": {}, "Wed Aug 30 06:44:09 +0000 2017": {}, "Sun Aug 27 04:15:26 +0000 2017": {}, "Sun Aug 27 02:26:24 +0000 2017": {"shot": {"plans": 0.6180555555555557}}, "Sat Aug 26 22:51:33 +0000 2017": {"post": {"places": 0.10016025641025642}}, "Sat Aug 26 23:23:54 +0000 2017": {}, "Sun Apr 29 22:24:58 +0000 2018": {}, "Sat Mar 17 01:07:40 +0000 2018": {}, "Wed Oct 26 21:28:45 +0000 2016": {}, "Sat Oct 22 21:42:48 +0000 2016": {}, "Thu Oct 05 19:33:04 +0000 2017": {}, "Thu Oct 05 22:20:29 +0000 2017": {}, "Tue Sep 15 00:30:10 +0000 2015": {"view": {"view": 0.6875}}, "Sun Sep 13 14:29:27 +0000 2015": {}, "Sun Apr 15 16:39:31 +0000 2018": {}, "Tue Aug 16 01:59:52 +0000 2016": {}, "Tue Aug 18 15:37:44 +0000 2015": {}, "Mon Aug 17 06:17:21 +0000 2015": {}, "Thu Nov 09 19:28:21 +0000 2017": {}, "Mon Feb 01 12:12:15 +0000 2016": {}, "Fri Oct 03 16:48:08 +0000 2014": {}, "Sat Jun 17 13:51:20 +0000 2017": {}, "Fri Jun 16 00:50:09 +0000 2017": {"attraction": {"nature": 0.10416666666666667}}, "Wed Jun 01 02:47:17 +0000 2016": {}, "Fri May 27 20:02:11 +0000 2016": {}, "Fri Sep 15 23:22:12 +0000 2017": {}, "Thu Sep 21 18:45:27 +0000 2017": {}, "Wed Sep 20 01:04:12 +0000 2017": {"falls": {"hours": -0.0375}}, "Wed Sep 20 00:40:16 +0000 2017": {"time": {"day": 0.1}}, "Wed Sep 20 00:37:58 +0000 2017": {}, "Sat Sep 16 07:10:39 +0000 2017": {}, "Sat Nov 11 06:00:05 +0000 2017": {}, "Thu Oct 22 21:47:20 +0000 2015": {}, "Wed Oct 21 17:15:53 +0000 2015": {}, "Wed Oct 21 05:58:28 +0000 2015": {"time": {"experience": 0.75}}, "Sat Jul 29 02:48:47 +0000 2017": {}, "Sat Oct 07 23:48:03 +0000 2017": {}, "Mon May 16 23:52:26 +0000 2016": {}, "Mon Jun 15 22:40:17 +0000 2015": {"wonder": {"wonder": 0.2916666666666667}}, "Mon Jun 15 21:53:57 +0000 2015": {}, "Fri Jun 12 18:20:02 +0000 2015": {"use": {"use": 0.3586309523809524}}, "Thu Jun 11 04:04:26 +0000 2015": {}, "Wed Jun 10 23:57:18 +0000 2015": {}, "Fri Jun 12 16:45:58 +0000 2015": {}, "Thu Sep 15 16:32:55 +0000 2016": {}, "Tue Sep 13 21:41:51 +0000 2016": {}, "Tue Sep 13 16:21:45 +0000 2016": {"stop": {"stop": 0.10416666666666667}}, "Tue Jun 26 18:13:49 +0000 2018": {}, "Thu Apr 14 17:00:56 +0000 2016": {}, "Tue Jun 24 04:51:43 +0000 2014": {}, "Tue Aug 12 06:04:58 +0000 2014": {}, "Tue Aug 12 19:59:31 +0000 2014": {}, "Wed Aug 06 14:51:20 +0000 2014": {}, "Tue Mar 08 16:55:52 +0000 2016": {}, "Mon Aug 07 05:31:07 +0000 2017": {"moment": {"piece": -0.19642857142857142}, "attraction": {"nature": -0.375}}, "Thu Nov 24 19:14:31 +0000 2016": {}, "Thu Jul 31 23:50:01 +0000 2014": {}, "Mon Oct 12 12:19:12 +0000 2015": {}, "Thu Jan 21 03:18:59 +0000 2016": {"force": {"force": -0.375}}, "Wed Aug 13 00:07:04 +0000 2014": {}, "Sat Apr 25 01:14:03 +0000 2015": {"moment": {"things": -0.21875}}, "Tue Mar 14 15:24:30 +0000 2017": {}, "Fri May 23 14:12:28 +0000 2014": {}, "Sun Aug 30 21:23:16 +0000 2015": {"roots": {"love": 0.06597222222222222}}, "Sat Aug 29 18:26:10 +0000 2015": {}, "Fri Aug 28 20:05:24 +0000 2015": {"adventure": {"adventure": 0.375}}, "Fri Aug 28 15:35:53 +0000 2015": {}, "Mon Aug 31 16:57:50 +0000 2015": {"post": {"spot": -0.0546875}, "falls": {"ways": 0.05}}, "Sat Aug 29 01:04:50 +0000 2015": {}, "Tue Jan 23 22:15:16 +0000 2018": {"attraction": {"damn": 0.6130952380952381, "nature": 0.6875}}, "Sun Jul 19 23:01:37 +0000 2015": {}, "Sun Jul 19 15:29:46 +0000 2015": {}, "Tue Jul 21 04:12:29 +0000 2015": {}, "Sun Jul 19 20:56:18 +0000 2015": {}, "Sat Jan 31 21:42:18 +0000 2015": {}, "Sun Jan 07 22:10:02 +0000 2018": {}, "Sun Nov 19 22:33:50 +0000 2017": {"wonder": {"wonders": 0.375}}, "Sun Jun 04 01:22:55 +0000 2017": {"force": {"power": 0.2548076923076923}}, "Mon Jun 13 03:09:42 +0000 2016": {}, "Sat Jun 11 05:13:57 +0000 2016": {}, "Thu Jun 16 16:50:58 +0000 2016": {}, "Wed Apr 01 04:43:45 +0000 2015": {"roots": {"dope": 0.09375}, "falls": {"hotel": 0.09375}}, "Fri Mar 03 19:49:18 +0000 2017": {}, "Sat Sep 26 15:16:09 +0000 2015": {}, "Sat Sep 26 15:15:23 +0000 2015": {"view": {"eyes": -0.06953125}}, "Thu Sep 24 04:45:47 +0000 2015": {}, "Fri Jun 26 17:50:02 +0000 2015": {"stop": {"end": -0.03571428571428571}}, "Sun Sep 20 12:49:24 +0000 2015": {"force": {"works": 0.25}}, "Wed Sep 16 23:33:50 +0000 2015": {}, "Sat Jul 26 13:46:24 +0000 2014": {"roots": {"artist": 0.2604166666666667}, "falls": {"gallery": 0.20486111111111113}}, "Thu May 18 02:58:26 +0000 2017": {}, "Tue May 16 01:53:55 +0000 2017": {}, "Sun May 14 21:26:52 +0000 2017": {"gorgeousness": {"gorgeousness": -0.03289473684210526}}, "Sun May 14 04:33:31 +0000 2017": {}, "Fri Sep 21 15:02:51 +0000 2018": {"force": {"force": -0.08035714285714286}}, "Thu Sep 28 19:52:58 +0000 2017": {}, "Mon Sep 25 20:58:29 +0000 2017": {}, "Mon Sep 25 16:43:38 +0000 2017": {}, "Fri May 19 19:19:08 +0000 2017": {"roots": {"dad": 0.008928571428571428}, "shot": {"picture": 0.6875}}, "Mon Nov 03 19:27:14 +0000 2014": {"country": {"people": -0.03125}, "st time": {"st time": 0.15625}}, "Mon Nov 09 16:08:38 +0000 2015": {}, "Sat Nov 07 19:04:43 +0000 2015": {},