{"Wed Jan 14 22:32:28 +0000 2015": {}, "Fri Mar 20 03:10:44 +0000 2015": {}, "Mon Jan 20 17:11:43 +0000 2014": {}, "Wed Mar 18 01:06:21 +0000 2015": {}, "Mon Oct 27 02:26:15 +0000 2014": {}, "Tue Apr 08 03:10:33 +0000 2014": {"season": {"vacation": -0.08333333333333333}}, "Sun Mar 23 16:09:29 +0000 2014": {}, "Sun Jun 08 16:54:05 +0000 2014": {}, "Wed Aug 20 02:38:18 +0000 2014": {}, "Mon Oct 13 16:00:07 +0000 2014": {}, "Thu May 08 19:25:23 +0000 2014": {}, "Fri Sep 30 22:56:48 +0000 2016": {}, "Mon Jul 14 01:25:11 +0000 2014": {"season": {"night": -0.046875}}, "Mon Jul 14 01:48:51 +0000 2014": {}, "Mon Oct 05 03:14:35 +0000 2015": {"season": {"vacation": 0.0125}}, "Sat Feb 21 20:32:56 +0000 2015": {"season": {"vacation": 0.15}}, "Fri Feb 06 12:51:10 +0000 2015": {"season": {"vacation": -0.6428571428571429}}, "Sat Sep 24 12:52:52 +0000 2016": {"food": {"mother": 0.0919642857142857}}, "Sun Jun 22 14:49:22 +0000 2014": {"season": {"vacation": 0.1}}, "Sat Sep 26 22:19:49 +0000 2015": {"season": {"downtime": 0.010416666666666666}, "accommodation": {"thing": 0.1875}}, "Wed Jul 23 14:30:54 +0000 2014": {}, "Wed Jul 23 05:08:04 +0000 2014": {}, "Sat May 13 17:35:53 +0000 2017": {}, "Wed Feb 05 04:05:45 +0000 2014": {}, "Mon Mar 14 14:06:35 +0000 2016": {}, "Mon Mar 09 23:40:09 +0000 2015": {"accommodation": {"hotel": -0.03125}}}