{"Mon Apr 13 07:00:41 +0000 2015": {"place": {"episode": 0.022727272727272728}}, "Tue Jan 27 19:16:21 +0000 2015": {"food": {"design": 0.125}}, "Sun Sep 18 00:57:01 +0000 2016": {"service": {"adventure": -0.0625}}, "Tue Jan 12 13:19:04 +0000 2016": {"season": {"night": -0.046875}}, "Tue Oct 06 16:36:40 +0000 2015": {}, "Sun Aug 27 11:33:02 +0000 2017": {}, "Sun Oct 23 04:10:43 +0000 2016": {"place": {"place": 0.022727272727272728}}, "Tue Jan 19 20:20:33 +0000 2016": {}, "Fri Jun 13 01:59:08 +0000 2014": {}, "Sat Dec 13 21:15:54 +0000 2014": {"accommodation": {"hotel": -0.026988636363636364}}}