{"Sun Feb 18 17:26:55 +0000 2018": {}, "Fri Feb 16 03:26:27 +0000 2018": {}, "Fri Feb 09 19:36:51 +0000 2018": {}, "Wed Mar 02 16:47:09 +0000 2016": {}, "Sun Apr 15 00:35:08 +0000 2018": {"accommodation": {"hotel": -0.022727272727272728}}, "Fri Feb 27 19:52:23 +0000 2015": {"nature": {"nature": 0.075}}, "Thu Jan 29 20:02:12 +0000 2015": {}, "Sun Feb 08 21:52:32 +0000 2015": {}, "Fri Jan 30 12:55:51 +0000 2015": {"accommodation": {"hotel": 0.125}}, "Sun Aug 02 21:28:37 +0000 2015": {"service": {"rings": -0.18269230769230768}}, "Wed Jan 18 01:20:21 +0000 2017": {}}