{"Sun Dec 11 00:43:46 +0000 2016": {"service": {"teams": 0.02272727272727273}}, "Sun Apr 12 19:17:55 +0000 2015": {"place": {"treadmill": 0.125}}, "Fri Jan 01 01:11:19 +0000 2016": {}, "Tue Sep 09 16:07:23 +0000 2014": {}, "Mon Nov 30 16:50:03 +0000 2015": {}, "Sat Feb 17 18:59:17 +0000 2018": {"place": {"cities": 0.14583333333333334}}, "Sat May 27 00:46:10 +0000 2017": {}, "Sat Feb 10 16:07:09 +0000 2018": {}, "Wed Feb 10 20:01:00 +0000 2016": {"season": {"night": 0.1979847494553377}}, "Sat Apr 02 16:22:54 +0000 2016": {}, "Mon Aug 20 01:12:36 +0000 2018": {"food": {"buffalo": 0.0125}}, "Wed Aug 22 23:38:12 +0000 2018": {"food": {"snacks": 0.5}, "accommodation": {"choices": 0.19374999999999998}}, "Tue Sep 08 18:27:43 +0000 2015": {"season": {"vacation": -0.028846153846153848}, "food": {"breakfasts": 0.09615384615384616}}, "Sat Apr 23 20:03:02 +0000 2016": {"season": {"night": -0.09722222222222222}}, "Mon Jun 26 00:43:59 +0000 2017": {}, "Tue Jan 31 18:54:44 +0000 2017": {}, "Fri Apr 20 18:44:20 +0000 2018": {"service": {"go": -0.1875}}, "Fri Apr 06 10:42:01 +0000 2018": {}, "Fri Jul 08 17:05:41 +0000 2016": {"season": {"vacation": -0.2916666666666667}}, "Sat Sep 17 18:25:15 +0000 2016": {"place": {"sites": 0.1875}, "season": {"time": -0.08333333333333333}}, "Mon Oct 03 10:18:23 +0000 2016": {}, "Tue Oct 21 04:11:23 +0000 2014": {}, "Sun Oct 19 15:08:48 +0000 2014": {"entertainment": {"game": 0.3576839826839827}}, "Wed Oct 15 03:53:26 +0000 2014": {"place": {"country": 0.10416666666666667}, "nature": {"world": 0.05961538461538462}}, "Thu Apr 21 11:51:38 +0000 2016": {}, "Sun Feb 19 05:32:33 +0000 2017": {"service": {"adventure": 0.36875}, "season": {"day": 0.6875}}, "Sun Feb 16 12:56:56 +0000 2014": {"service": {"adventure": 0.10416666666666667}, "place": {"tyler": 0.0625}}, "Sun Apr 16 23:47:00 +0000 2017": {}, "Sun Apr 16 15:34:35 +0000 2017": {"season": {"holiday": -0.03289473684210526}}, "Mon Jun 01 14:57:32 +0000 2015": {}, "Mon Jun 01 00:15:30 +0000 2015": {}, "Mon Dec 28 18:04:04 +0000 2015": {}, "Mon Sep 03 03:05:53 +0000 2018": {}, "Mon Jan 06 05:15:28 +0000 2014": {"season": {"vacation": -0.08333333333333333}}, "Mon Mar 21 00:11:22 +0000 2016": {}, "Tue Dec 27 22:40:59 +0000 2016": {}, "Tue Dec 27 13:44:24 +0000 2016": {"place": {"place": -0.6875}}, "Fri Oct 12 05:34:13 +0000 2018": {}, "Mon Oct 29 03:28:51 +0000 2018": {"food": {"pictures": -0.25}}, "Fri Oct 20 12:53:48 +0000 2017": {}, "Sat Apr 28 23:39:06 +0000 2018": {}, "Sun May 01 19:27:25 +0000 2016": {"nature": {"someone": -0.0625}}, "Tue May 05 02:58:48 +0000 2015": {}, "Sat Sep 08 01:17:42 +0000 2018": {"food": {"side": -0.17045454545454544, "buffalo": -0.1}}, "Sun Sep 09 13:45:44 +0000 2018": {"service": {"breezes": -0.04}, "season": {"temperatures": 0.14583333333333334}}, "Sun Sep 10 03:19:15 +0000 2017": {}, "Sat Nov 12 01:51:34 +0000 2016": {"food": {"buffalo": -0.03409090909090909}}, "Wed Jun 01 14:58:41 +0000 2016": {}, "Wed Oct 21 19:48:05 +0000 2015": {"accommodation": {"hotel": -0.08333333333333333}}, "Sun Feb 23 20:46:03 +0000 2014": {}, "Sat Jul 29 01:51:32 +0000 2017": {"season": {"vacation": -0.08333333333333333}}, "Sat Jul 29 00:33:38 +0000 2017": {}, "Mon Jul 31 02:49:53 +0000 2017": {}, "Fri May 13 14:31:33 +0000 2016": {}, "Tue Feb 28 02:09:02 +0000 2017": {}, "Thu Sep 15 17:56:47 +0000 2016": {}, "Tue Apr 12 19:35:36 +0000 2016": {}, "Sat Apr 09 14:55:34 +0000 2016": {"service": {"adventure": -0.016369047619047616}}, "Mon Aug 01 19:41:46 +0000 2016": {}, "Mon Jun 27 07:13:18 +0000 2016": {}, "Wed Jan 20 23:51:05 +0000 2016": {"season": {"winter": 0.041666666666666664}}, "Sun Jan 17 19:24:20 +0000 2016": {}, "Fri Apr 25 02:25:04 +0000 2014": {"season": {"morning": 0.04591836734693878}}, "Sat Mar 11 22:14:50 +0000 2017": {"season": {"week": -0.056818181818181816}, "accommodation": {"understatement": -0.125}}, "Tue Aug 23 04:19:18 +0000 2016": {}, "Fri Aug 19 00:03:30 +0000 2016": {}, "Mon Jul 10 02:54:57 +0000 2017": {}, "Wed Nov 30 20:22:20 +0000 2016": {"season": {"time": 0.1346153846153846}}, "Fri Jun 29 16:13:27 +0000 2018": {}, "Fri Jan 05 15:30:10 +0000 2018": {}, "Tue Feb 10 03:01:38 +0000 2015": {}, "Tue Jan 14 22:26:49 +0000 2014": {"season": {"vacation": 0.009375}}, "Fri Mar 03 19:35:06 +0000 2017": {}, "Mon Apr 02 11:19:50 +0000 2018": {}, "Sun Sep 27 15:55:29 +0000 2015": {"place": {"stop": -0.041666666666666664}}, "Tue Sep 29 14:44:26 +0000 2015": {"season": {"holiday": 0.5}}, "Tue Aug 04 00:29:45 +0000 2015": {"place": {"backyard": 0.59375}}, "Thu Sep 27 14:19:05 +0000 2018": {"place": {"stop": -0.041666666666666664}}, "Sun May 21 15:47:42 +0000 2017": {}, "Fri May 19 03:33:18 +0000 2017": {}, "Wed Nov 28 19:27:36 +0000 2018": {"season": {"time": -0.05555555555555555}}, "Sun Nov 02 01:52:54 +0000 2014": {}, "Wed Nov 18 22:54:19 +0000 2015": {}, "Wed May 11 01:29:53 +0000 2016": {}, "Tue May 10 17:59:07 +0000 2016": {}, "Wed May 11 13:48:42 +0000 2016": {}, "Fri May 06 12:26:13 +0000 2016": {"season": {"morning": 0.2916666666666667}}, "Sun Aug 05 15:56:14 +0000 2018": {}, "Fri Mar 02 21:25:27 +0000 2018": {}, "Wed Apr 09 16:59:28 +0000 2014": {}, "Sun Jun 11 19:24:33 +0000 2017": {}, "Sun Dec 10 18:22:43 +0000 2017": {"nature": {"nature": 0.025}}, "Sat Dec 09 15:00:48 +0000 2017": {"season": {"time": 0.027777777777777776}}, "Sat Nov 03 19:05:08 +0000 2018": {"service": {"appreciation": 0.1}, "nature": {"nature": 0.025}}}