{"Thu Jan 07 01:11:38 +0000 2016": {}, "Sun Jul 06 16:00:57 +0000 2014": {}, "Sun Aug 24 01:15:23 +0000 2014": {}, "Fri Aug 26 14:39:46 +0000 2016": {}, "Sun Aug 07 13:52:24 +0000 2016": {}, "Sat Jan 21 22:42:27 +0000 2017": {}, "Thu Sep 07 02:32:25 +0000 2017": {"accommodation": {"words": 0.59375}}, "Mon Feb 03 05:39:39 +0000 2014": {"entertainment": {"hockey": -0.125}}, "Wed Oct 22 02:46:18 +0000 2014": {"season": {"vacation": 0.010416666666666666}}}