{"Thu Jan 22 04:53:04 +0000 2015": {"food": {"schedule": -0.075}}, "Sun Dec 31 03:05:46 +0000 2017": {}, "Fri Jul 06 20:03:50 +0000 2018": {}, "Thu Mar 20 12:04:08 +0000 2014": {"season": {"vacation": -0.035416666666666666}}, "Mon Aug 10 06:07:06 +0000 2015": {"service": {"fit": 0.2916666666666667}}, "Wed Dec 31 02:02:14 +0000 2014": {"season": {"weeks": 0.018518518518518517}}, "Fri Jun 03 16:49:41 +0000 2016": {"season": {"night": -0.09722222222222222}}, "Fri Mar 07 19:38:05 +0000 2014": {}, "Wed Oct 08 12:43:49 +0000 2014": {}, "Wed Jan 01 00:22:44 +0000 2014": {"season": {"life": -0.028846153846153848}}, "Sat May 02 13:54:48 +0000 2015": {}, "Sat Nov 11 16:50:01 +0000 2017": {"service": {"buildings": 0.6875}, "accommodation": {"hotel": -0.017857142857142856}}, "Tue Mar 04 21:02:39 +0000 2014": {"season": {"vacation": -0.04212962962962963}}, "Mon Mar 03 13:19:57 +0000 2014": {"season": {"vacation": 0.20833333333333334}}, "Thu Jul 06 14:01:36 +0000 2017": {"season": {"day": -0.09722222222222222, "vacation": -0.02361111111111111}}, "Tue Feb 10 01:00:31 +0000 2015": {"nature": {"world": 0.014583333333333337}}, "Wed Apr 16 05:21:47 +0000 2014": {}, "Sun Feb 09 18:28:01 +0000 2014": {"nature": {"nature": 0.028846153846153848}}, "Mon Nov 03 02:22:08 +0000 2014": {}, "Tue Apr 21 14:05:41 +0000 2015": {}}