{"Sun Apr 12 04:41:42 +0000 2015": {}, "Fri May 26 21:30:35 +0000 2017": {}, "Sun Mar 15 17:16:36 +0000 2015": {"place": {"pool": 0.03214285714285714}}, "Wed Mar 11 02:54:16 +0000 2015": {"nature": {"nature": -0.375}}, "Sat Feb 21 08:45:49 +0000 2015": {}, "Wed Dec 31 05:27:09 +0000 2014": {}, "Thu Mar 06 00:38:47 +0000 2014": {"place": {"part": 0.16666666666666666, "job": 0.3184001670843776}}, "Fri Dec 18 20:30:24 +0000 2015": {"season": {"days": -0.125}}, "Sat Jan 30 00:03:04 +0000 2016": {"food": {"buffalo": -0.029304029304029304}}, "Wed Nov 26 17:32:15 +0000 2014": {}, "Sun Jan 26 01:24:17 +0000 2014": {"place": {"home": 0.02976190476190476}}, "Thu Oct 22 08:07:44 +0000 2015": {"service": {"fit": 0.2916666666666667}}, "Fri Aug 28 04:47:00 +0000 2015": {}, "Wed Mar 12 01:22:26 +0000 2014": {}, "Wed Feb 26 17:40:53 +0000 2014": {}, "Wed Feb 26 02:12:31 +0000 2014": {}, "Thu Jan 29 23:22:05 +0000 2015": {"place": {"part": 0.3203125}}, "Fri Sep 18 00:03:34 +0000 2015": {}, "Mon Feb 10 01:16:52 +0000 2014": {"nature": {"world": -0.075}}, "Thu Jun 12 20:33:51 +0000 2014": {}}