{"Tue Oct 11 18:02:17 +0000 2016": {}, "Sun Dec 18 21:54:20 +0000 2016": {}, "Tue May 08 17:45:48 +0000 2018": {}, "Mon Oct 19 14:19:31 +0000 2015": {}, "Tue Apr 26 21:24:32 +0000 2016": {}, "Sat Sep 19 13:36:33 +0000 2015": {}, "Fri Oct 19 15:39:33 +0000 2018": {}, "Sat Sep 01 23:40:15 +0000 2018": {}, "Sat Apr 22 20:09:57 +0000 2017": {}, "Sat Apr 22 23:13:30 +0000 2017": {"food": {"view": 0.28125}}, "Fri Apr 21 00:43:50 +0000 2017": {"season": {"night": -0.25}}, "Fri Nov 20 20:00:16 +0000 2015": {}, "Tue Jul 18 00:21:04 +0000 2017": {}, "Sun Jul 16 21:05:22 +0000 2017": {}, "Sat Jul 15 18:50:38 +0000 2017": {}, "Sun Jul 16 18:00:30 +0000 2017": {}, "Thu Jul 20 10:02:18 +0000 2017": {}, "Wed Feb 21 16:31:40 +0000 2018": {"nature": {"kind": -0.59375}}, "Sat Feb 17 17:03:24 +0000 2018": {}, "Tue Feb 13 20:51:32 +0000 2018": {}, "Sat Jul 02 05:14:49 +0000 2016": {}, "Thu Aug 16 13:03:32 +0000 2018": {}, "Tue Aug 14 01:15:03 +0000 2018": {}, "Sun Aug 12 01:30:14 +0000 2018": {}, "Tue Jun 10 14:37:33 +0000 2014": {}, "Thu Dec 08 05:06:42 +0000 2016": {}, "Mon Aug 20 03:53:52 +0000 2018": {"nature": {"nature": 0.023863636363636365}, "service": {"force": 0.022727272727272728}}, "Tue Sep 08 01:00:16 +0000 2015": {}, "Mon Aug 29 19:31:16 +0000 2016": {}, "Sat Aug 27 20:09:16 +0000 2016": {}, "Tue Aug 30 03:29:06 +0000 2016": {"nature": {"nature": 0.0125}}, "Thu Jul 27 00:54:44 +0000 2017": {}, "Thu Mar 29 10:16:32 +0000 2018": {}, "Thu Apr 26 15:45:54 +0000 2018": {}, "Thu May 11 01:32:51 +0000 2017": {"nature": {"nature": 0.19583333333333336}}, "Thu May 11 00:46:56 +0000 2017": {}, "Tue May 09 01:02:59 +0000 2017": {}, "Fri Jul 08 20:26:24 +0000 2016": {}, "Sat Jul 21 04:49:30 +0000 2018": {}, "Mon Jul 23 22:43:58 +0000 2018": {"place": {"mind": 0.34558823529411764}}, "Thu Aug 02 15:11:08 +0000 2018": {"nature": {"world": 0.04591836734693878}}, "Mon Apr 18 02:46:19 +0000 2016": {"season": {"falls": -0.056818181818181816}}, "Thu Feb 01 20:28:12 +0000 2018": {}, "Sun Jan 22 19:55:46 +0000 2017": {}, "Mon Jun 11 16:40:59 +0000 2018": {}, "Sat Jul 23 13:18:21 +0000 2016": {}, "Mon Oct 05 21:27:47 +0000 2015": {"season": {"summer": 0.25}, "place": {"country": 0.15625}}, "Sun Oct 12 19:08:41 +0000 2014": {}, "Mon Mar 28 19:03:35 +0000 2016": {"food": {"picture": 0.008928571428571428}}, "Mon Sep 03 10:30:56 +0000 2018": {}, "Mon Apr 10 22:11:22 +0000 2017": {}, "Mon Oct 01 10:51:02 +0000 2018": {"nature": {"nature": 0.1875}}, "Fri Sep 28 22:23:09 +0000 2018": {}, "Fri Sep 28 19:29:36 +0000 2018": {"season": {"weekend": 0.75}}, "Sun Aug 27 21:10:49 +0000 2017": {"nature": {"beauty": 0.0625}}, "Sun Aug 27 14:22:15 +0000 2017": {"nature": {"nature": -0.038461538461538464}}, "Tue May 01 22:37:32 +0000 2018": {}, "Wed Feb 28 20:08:52 +0000 2018": {}, "Fri Feb 23 00:45:09 +0000 2018": {}, "Sat Aug 19 14:42:28 +0000 2017": {}, "Sat Aug 19 14:46:57 +0000 2017": {}, "Mon May 23 00:03:13 +0000 2016": {}, "Mon Mar 27 00:42:31 +0000 2017": {}, "Sun Mar 26 16:58:46 +0000 2017": {}, "Thu Oct 27 20:24:24 +0000 2016": {"season": {"week": 0.2916666666666667}, "nature": {"person": 0.1875}, "service": {"adventure": 0.125}}, "Mon Oct 31 13:19:38 +0000 2016": {}, "Wed Oct 04 01:44:51 +0000 2017": {}, "Thu Sep 21 00:41:25 +0000 2017": {}, "Sat Oct 07 22:42:08 +0000 2017": {}, "Sun Oct 01 16:25:29 +0000 2017": {}, "Thu Aug 18 02:52:44 +0000 2016": {}, "Wed Aug 17 23:46:06 +0000 2016": {"season": {"time": 0.13194444444444445}}, "Tue Aug 16 14:31:24 +0000 2016": {"season": {"piece": -0.21875}}, "Mon Sep 10 19:21:56 +0000 2018": {}, "Sat Sep 08 13:38:23 +0000 2018": {}, "Fri Apr 13 03:06:15 +0000 2018": {}, "Mon Nov 06 15:10:18 +0000 2017": {"food": {"memories": 0.6130952380952381}}, "Mon Aug 27 21:35:37 +0000 2018": {}, "Mon Jan 15 17:22:50 +0000 2018": {}, "Fri Mar 16 19:09:23 +0000 2018": {}, "Sat Sep 16 04:36:06 +0000 2017": {}, "Sat Feb 01 20:38:17 +0000 2014": {}, "Tue Nov 14 17:59:19 +0000 2017": {}, "Mon Nov 13 22:54:22 +0000 2017": {"place": {"eyes": -0.01953125}}, "Wed Oct 21 14:52:14 +0000 2015": {}, "Sun Jul 30 01:50:05 +0000 2017": {"season": {"day": 0.6875}}, "Mon Feb 27 16:25:02 +0000 2017": {}, "Sat Jun 23 01:14:12 +0000 2018": {"season": {"life": -0.019642857142857142}}, "Sat Jun 23 02:44:37 +0000 2018": {}, "Fri Jun 22 05:52:57 +0000 2018": {"nature": {"world": 0.75}}, "Fri Jul 29 13:43:18 +0000 2016": {"place": {"sight": 0.25}}, "Thu Aug 10 03:21:30 +0000 2017": {}, "Sat Aug 12 04:06:20 +0000 2017": {}, "Wed Aug 09 20:23:44 +0000 2017": {"nature": {"beauty": 0.375}}, "Mon Aug 07 23:33:51 +0000 2017": {}, "Sun Oct 11 02:39:37 +0000 2015": {}, "Wed Jul 12 13:40:10 +0000 2017": {}, "Sat Jul 08 16:32:17 +0000 2017": {}, "Tue Jul 11 04:52:47 +0000 2017": {}, "Mon Jul 10 15:31:14 +0000 2017": {}, "Sat Jul 08 01:16:16 +0000 2017": {}, "Mon Jul 03 23:07:44 +0000 2017": {}, "Tue Jul 31 11:14:45 +0000 2018": {}, "Wed Jul 04 01:42:35 +0000 2018": {"season": {"times": 0.14583333333333334}}, "Sun Jul 01 20:50:48 +0000 2018": {}, "Sat Jan 06 23:37:00 +0000 2018": {"food": {"side": -0.01953125}}, "Wed Jun 15 05:15:33 +0000 2016": {}, "Wed Jan 08 16:52:51 +0000 2014": {"place": {"place": -0.0625}, "accommodation": {"travel": 0.25}}, "Wed Sep 23 22:35:41 +0000 2015": {}, "Sat Aug 12 04:04:44 +0000 2017": {"season": {"life": 0.25}}, "Thu Sep 17 13:30:21 +0000 2015": {"nature": {"nature": 0.0375}}, "Mon May 15 01:11:29 +0000 2017": {}, "Sat May 13 04:42:47 +0000 2017": {}, "Fri May 12 03:34:46 +0000 2017": {}, "Tue Jul 17 22:53:06 +0000 2018": {}, "Sun Sep 24 22:46:45 +0000 2017": {"climate": {"way": 0.2916666666666667}}, "Fri May 19 03:06:50 +0000 2017": {"nature": {"world": 0.25}}, "Fri Nov 06 08:15:16 +0000 2015": {}, "Mon Nov 09 15:33:49 +0000 2015": {}, "Wed Jun 17 21:55:08 +0000 2015": {"accommodation": {"imagination": -0.028846153846153848}}, "Sun Nov 22 20:56:18 +0000 2015": {}, "Fri Jun 24 18:53:12 +0000 2016": {}, "Thu Apr 10 22:44:31 +0000 2014": {}, "Mon May 18 06:43:48 +0000 2015": {}, "Sun Nov 04 21:11:07 +0000 2018": {}, "Sun Nov 04 14:07:08 +0000 2018": {}, "Tue Jan 17 12:13:47 +0000 2017": {}}