{"Sat Oct 08 22:37:58 +0000 2016": {}, "Sun Feb 21 13:07:23 +0000 2016": {"season": {"day": -0.3958333333333333}}, "Mon Mar 07 18:04:21 +0000 2016": {}, "Thu Feb 25 20:56:44 +0000 2016": {}, "Mon Feb 15 13:14:46 +0000 2016": {}, "Sun Feb 21 04:09:18 +0000 2016": {"place": {"walk": 0.75}}, "Sun Feb 21 04:06:13 +0000 2016": {}, "Thu Oct 19 14:07:20 +0000 2017": {}, "Tue Oct 17 01:42:20 +0000 2017": {}, "Sat Oct 14 11:26:44 +0000 2017": {"season": {"morning": -0.028846153846153848}}, "Mon Oct 30 15:47:26 +0000 2017": {}, "Wed Apr 26 18:11:35 +0000 2017": {}, "Wed Apr 26 16:19:08 +0000 2017": {"climate": {"freedom": 0.0}}, "Tue Jan 02 02:13:47 +0000 2018": {}, "Tue Jan 02 04:49:50 +0000 2018": {}, "Wed Jul 22 19:52:44 +0000 2015": {}, "Wed Jan 27 14:30:35 +0000 2016": {}, "Sun Jul 16 11:18:42 +0000 2017": {}, "Sun Jul 16 11:11:44 +0000 2017": {}, "Tue Jul 18 08:16:39 +0000 2017": {"nature": {"nature": -0.0125}}, "Thu Jul 07 02:54:40 +0000 2016": {}, "Sun Dec 04 15:15:00 +0000 2016": {}, "Tue May 16 10:45:14 +0000 2017": {}, "Sun Jan 08 05:09:11 +0000 2017": {"accommodation": {"things": -0.1875}}, "Tue Jan 10 22:49:48 +0000 2017": {}, "Sun Aug 09 00:16:15 +0000 2015": {}, "Sat Apr 29 00:53:48 +0000 2017": {}, "Fri May 12 00:42:41 +0000 2017": {}, "Fri May 19 00:44:43 +0000 2017": {}, "Mon May 01 22:48:11 +0000 2017": {}, "Sun Apr 30 07:15:41 +0000 2017": {}, "Wed Aug 31 15:03:02 +0000 2016": {}, "Mon Aug 29 08:25:32 +0000 2016": {}, "Fri Aug 26 04:38:51 +0000 2016": {"place": {"place": 0.5}}, "Fri Apr 22 10:11:40 +0000 2016": {"season": {"day": 0.2916666666666667}}, "Tue Jun 27 23:25:09 +0000 2017": {"nature": {"nature": 0.23611111111111108}, "food": {"view": 0.5}}, "Sun Jul 17 15:37:41 +0000 2016": {"season": {"life": 0.1875}}, "Sat Jul 16 10:29:54 +0000 2016": {}, "Sun Aug 07 20:58:28 +0000 2016": {}, "Sat Aug 06 20:40:43 +0000 2016": {}, "Sat Aug 06 00:52:23 +0000 2016": {"climate": {"way": 0.2916666666666667}}, "Sat Aug 06 21:03:59 +0000 2016": {}, "Thu Jul 27 08:11:58 +0000 2017": {}, "Fri Jul 21 07:02:51 +0000 2017": {}, "Sun May 11 20:01:47 +0000 2014": {}, "Wed May 10 16:59:40 +0000 2017": {}, "Thu May 11 19:02:58 +0000 2017": {}, "Fri May 12 01:18:29 +0000 2017": {}, "Tue May 09 00:05:10 +0000 2017": {}, "Sat May 06 03:10:53 +0000 2017": {}, "Sat Sep 03 20:49:36 +0000 2016": {}, "Thu Jul 14 10:41:17 +0000 2016": {}, "Fri Jul 29 00:53:51 +0000 2016": {}, "Sun Jul 10 03:16:22 +0000 2016": {}, "Sun Jul 10 00:17:52 +0000 2016": {}, "Sat Jul 09 18:27:41 +0000 2016": {"place": {"place": 0.009615384615384616}, "accommodation": {"thing": 0.14583333333333334}}, "Mon Sep 19 02:45:44 +0000 2016": {}, "Thu Jun 09 18:14:33 +0000 2016": {}, "Sun Jun 05 04:16:37 +0000 2016": {}, "Mon Dec 22 15:01:44 +0000 2014": {}, "Mon Nov 07 22:46:16 +0000 2016": {"service": {"adventure": 0.0}}, "Wed Jul 01 11:55:41 +0000 2015": {"food": {"side": -0.21875}}, "Wed Jul 01 02:44:14 +0000 2015": {}, "Wed Jul 01 02:40:01 +0000 2015": {}, "Sun Nov 26 12:51:42 +0000 2017": {"nature": {"power": 0.125}}, "Tue Jan 24 22:07:03 +0000 2017": {}, "Thu Mar 03 12:01:17 +0000 2016": {}, "Sat Jan 09 23:34:28 +0000 2016": {}, "Thu Jan 14 14:38:16 +0000 2016": {"season": {"days": -0.08333333333333333}}, "Thu Feb 23 02:20:23 +0000 2017": {"place": {"stop": 0.0}}, "Wed Feb 22 13:11:00 +0000 2017": {}, "Wed Jul 27 05:53:46 +0000 2016": {}, "Wed Jul 27 05:52:07 +0000 2016": {}, "Sun Jul 24 17:34:26 +0000 2016": {}, "Fri Dec 26 00:47:20 +0000 2014": {}, "Fri Mar 25 13:39:51 +0000 2016": {}, "Sat Apr 15 19:45:57 +0000 2017": {}, "Sat May 30 17:26:37 +0000 2015": {}, "Thu May 28 23:24:52 +0000 2015": {}, "Sun Dec 27 20:20:02 +0000 2015": {}, "Mon Mar 21 01:54:17 +0000 2016": {}, "Sun Mar 20 03:25:40 +0000 2016": {"accommodation": {"things": 0.14583333333333334}}, "Sun Dec 25 13:45:13 +0000 2016": {"season": {"morning": 0.6130952380952381}}, "Mon Sep 04 22:22:31 +0000 2017": {}, "Tue Mar 21 00:49:25 +0000 2017": {}, "Mon Mar 20 13:03:02 +0000 2017": {}, "Fri Mar 17 15:49:29 +0000 2017": {}, "Tue Mar 14 16:12:40 +0000 2017": {}, "Fri Mar 10 20:57:48 +0000 2017": {"season": {"day": -0.3076923076923077}}, "Tue Mar 21 14:00:00 +0000 2017": {}, "Mon Oct 23 03:55:54 +0000 2017": {"nature": {"nature": 0.010416666666666666}}, "Mon May 11 17:52:38 +0000 2015": {}, "Sun Aug 27 05:18:13 +0000 2017": {}, "Fri Aug 25 02:42:53 +0000 2017": {}, "Wed Dec 20 02:47:03 +0000 2017": {}, "Mon Mar 27 22:57:05 +0000 2017": {}, "Sun Sep 25 03:08:20 +0000 2016": {}, "Wed Sep 17 03:00:56 +0000 2014": {"place": {"scenery": 0.25}}, "Thu May 05 03:24:44 +0000 2016": {}, "Mon Oct 24 15:51:45 +0000 2016": {}, "Sun Oct 30 20:38:05 +0000 2016": {}, "Sun Oct 30 20:33:33 +0000 2016": {}, "Thu Oct 05 15:08:40 +0000 2017": {"nature": {"nature": 0.023863636363636365}, "service": {"force": 0.022727272727272728}}, "Tue Oct 03 02:38:51 +0000 2017": {}, "Thu Oct 05 00:09:50 +0000 2017": {}, "Sun Nov 19 17:22:58 +0000 2017": {}, "Mon Oct 02 12:53:14 +0000 2017": {}, "Mon Oct 02 03:44:25 +0000 2017": {"season": {"night": 0.59375}}, "Sat Sep 30 08:02:35 +0000 2017": {"season": {"month": -0.09722222222222222}}, "Sat Sep 12 18:22:31 +0000 2015": {}, "Wed Aug 17 02:08:58 +0000 2016": {}, "Mon May 04 13:47:48 +0000 2015": {}, "Fri Dec 22 06:37:08 +0000 2017": {"season": {"time": 0.05689102564102565}}, "Mon Nov 06 04:05:41 +0000 2017": {}, "Sat Jan 30 22:07:01 +0000 2016": {"nature": {"nature": 0.06875}}, "Wed Sep 13 19:57:30 +0000 2017": {"place": {"place": 0.4583333333333333}}, "Tue Sep 12 23:15:28 +0000 2017": {"season": {"time": 0.13333333333333333}}, "Sat Sep 09 13:11:25 +0000 2017": {}, "Thu Apr 06 17:33:51 +0000 2017": {}, "Mon Apr 03 20:40:44 +0000 2017": {}, "Fri Nov 11 22:54:23 +0000 2016": {"season": {"bit": -0.203125}}, "Fri Nov 11 01:58:18 +0000 2016": {}, "Tue Jun 20 15:02:28 +0000 2017": {}, "Mon Jun 19 00:08:42 +0000 2017": {"climate": {"need": 0.5}}, "Mon Jan 15 17:18:40 +0000 2018": {}, "Sun May 29 12:47:58 +0000 2016": {}, "Sat May 28 02:28:07 +0000 2016": {}, "Sun May 29 17:32:54 +0000 2016": {}, "Sat May 28 22:18:03 +0000 2016": {}, "Tue Sep 19 19:39:46 +0000 2017": {}, "Tue Sep 19 00:02:50 +0000 2017": {"accommodation": {"room": -0.03289473684210526}}, "Mon Sep 18 19:45:51 +0000 2017": {}, "Tue Aug 01 22:29:35 +0000 2017": {}, "Tue Aug 01 11:17:51 +0000 2017": {}, "Wed Aug 02 00:36:09 +0000 2017": {}, "Sun Jul 30 00:54:06 +0000 2017": {}, "Wed Oct 11 14:52:43 +0000 2017": {}, "Mon Oct 09 12:30:48 +0000 2017": {"service": {"forces": -0.625}}, "Fri May 13 02:38:01 +0000 2016": {"food": {"views": -0.010416666666666666}}, "Thu May 19 04:59:55 +0000 2016": {}, "Sat Feb 25 21:46:35 +0000 2017": {"place": {"part": 0.1875}}, "Thu Mar 02 15:02:19 +0000 2017": {}, "Sun Feb 26 18:57:57 +0000 2017": {}, "Sat Feb 25 17:10:01 +0000 2017": {}, "Mon Sep 12 05:04:50 +0000 2016": {}, "Mon Sep 12 05:03:02 +0000 2016": {}, "Sat Sep 10 04:35:22 +0000 2016": {}, "Wed Jun 14 01:06:58 +0000 2017": {}, "Thu Sep 15 01:23:25 +0000 2016": {"season": {"days": 0.5}}, "Fri Jul 29 03:50:18 +0000 2016": {}, "Fri Jul 29 02:16:39 +0000 2016": {"nature": {"nature": -0.028846153846153848}}, "Wed Aug 06 05:13:53 +0000 2014": {"place": {"lobby": -0.04595588235294118}, "service": {"sacrifices": 0.010416666666666666}}, "Wed Mar 09 04:30:56 +0000 2016": {}, "Mon Aug 07 19:25:58 +0000 2017": {}, "Sun Aug 06 12:42:59 +0000 2017": {"food": {"experience": 0.0}}, "Sat Aug 12 01:22:52 +0000 2017": {}, "Fri Nov 18 21:09:09 +0000 2016": {"climate": {"hole": 0.14583333333333334}}, "Fri Nov 18 02:37:22 +0000 2016": {}, "Fri Nov 18 00:17:43 +0000 2016": {}, "Mon Oct 12 22:07:11 +0000 2015": {}, "Thu Oct 08 23:00:26 +0000 2015": {"food": {"side": 0.125}}, "Wed Nov 04 11:19:05 +0000 2015": {}, "Wed Jan 20 10:44:05 +0000 2016": {}, "Tue Mar 14 15:09:19 +0000 2017": {}, "Tue Mar 14 03:53:35 +0000 2017": {}, "Fri Mar 10 15:52:21 +0000 2017": {}, "Thu Mar 09 19:37:37 +0000 2017": {"season": {"day": 0.6875}}, "Fri Mar 10 02:53:27 +0000 2017": {}, "Tue Aug 23 11:40:33 +0000 2016": {},