{"Sun Mar 22 18:52:24 +0000 2015": {"season": {"vacation": 0.05681818181818182, "day": -0.03125}}, "Wed Jun 04 11:12:19 +0000 2014": {}, "Sun Feb 23 22:50:43 +0000 2014": {"service": {"fuck": 0.09615384615384616}}, "Sun May 15 00:28:52 +0000 2016": {}}