{"Sat Apr 11 11:52:02 +0000 2015": {}, "Sun Jul 26 16:13:20 +0000 2015": {"season": {"morning": 0.25793650793650796}}, "Sun Jul 26 01:48:31 +0000 2015": {}, "Sun Jul 16 18:48:27 +0000 2017": {}, "Fri Jun 27 17:39:43 +0000 2014": {"service": {"check": 0.0125}}, "Sun Apr 24 17:34:44 +0000 2016": {"season": {"days": -0.041666666666666664}, "entertainment": {"fun": 0.03571428571428571}}, "Sun Jul 17 19:43:48 +0000 2016": {}, "Sun Jul 17 22:05:09 +0000 2016": {}, "Sat Sep 03 02:10:26 +0000 2016": {"food": {"view": 0.2916666666666667}}, "Wed Sep 21 20:00:18 +0000 2016": {}, "Thu Oct 16 21:25:08 +0000 2014": {}, "Tue Jul 22 05:08:27 +0000 2014": {"season": {"day": 0.04807692307692307}}, "Fri Sep 14 23:37:59 +0000 2018": {}, "Sat Jan 21 04:51:23 +0000 2017": {}, "Sun Feb 28 05:52:43 +0000 2016": {}, "Mon Feb 29 07:08:03 +0000 2016": {"climate": {"lack": -0.4375}}, "Mon Mar 31 18:57:25 +0000 2014": {}, "Mon Apr 17 15:15:54 +0000 2017": {"place": {"upgrade": 0.75}}, "Thu May 28 00:27:55 +0000 2015": {}, "Mon Sep 03 22:59:26 +0000 2018": {}, "Wed May 28 23:28:18 +0000 2014": {}, "Wed Mar 23 15:12:23 +0000 2016": {"season": {"day": -0.25}}, "Thu Oct 18 20:17:53 +0000 2018": {"accommodation": {"hotel": 0.5}}, "Sun Aug 20 23:06:45 +0000 2017": {}, "Wed May 04 20:11:31 +0000 2016": {}, "Sun May 01 13:31:26 +0000 2016": {"climate": {"way": 0.2916666666666667}}, "Wed Apr 29 03:56:34 +0000 2015": {}, "Wed Apr 29 02:47:16 +0000 2015": {}, "Fri Jan 09 02:31:38 +0000 2015": {"accommodation": {"hotel": 0.041666666666666664}}, "Mon Aug 17 10:21:49 +0000 2015": {}, "Wed Jan 22 03:17:47 +0000 2014": {}, "Thu Nov 17 15:24:41 +0000 2016": {}, "Tue Nov 22 19:40:26 +0000 2016": {}, "Tue Aug 19 18:47:52 +0000 2014": {}, "Thu Jan 25 21:43:25 +0000 2018": {}, "Sat Jul 01 19:56:54 +0000 2017": {"entertainment": {"show": 0.1755952380952381}, "food": {"view": 0.2916666666666667, "goals": -0.009615384615384616}}, "Mon Nov 28 02:31:12 +0000 2016": {"season": {"time": -0.05555555555555555}}, "Fri Jun 02 02:03:48 +0000 2017": {}, "Thu Jun 16 00:14:48 +0000 2016": {"food": {"gem": 0.2125}, "accommodation": {"hotel": 0.5032894736842105}}, "Wed Jun 24 21:59:05 +0000 2015": {"food": {"view": 0.575}}, "Mon Apr 04 21:55:06 +0000 2016": {}, "Fri Jul 25 16:34:12 +0000 2014": {}, "Wed Jul 23 12:51:08 +0000 2014": {}, "Thu May 18 22:12:31 +0000 2017": {}, "Mon Apr 21 23:02:02 +0000 2014": {}, "Wed Feb 05 13:21:19 +0000 2014": {"place": {"bed": 0.010416666666666666}}, "Fri Nov 06 18:22:22 +0000 2015": {"service": {"transfer": -0.125}, "place": {"place": 0.6875}}, "Tue Jun 17 13:03:06 +0000 2014": {"season": {"day": 0.625}, "entertainment": {"house": 0.125}}, "Wed Mar 16 02:24:36 +0000 2016": {}, "Sun Jun 21 15:19:41 +0000 2015": {}}