{"Fri Oct 16 17:52:16 +0000 2015": {"season": {"life": 0.75}, "place": {"places": 0.022727272727272728, "scenes": 0.022727272727272728}}, "Sun Jul 16 11:24:10 +0000 2017": {}, "Sat Sep 13 20:16:42 +0000 2014": {}, "Tue Jul 19 14:09:12 +0000 2016": {}, "Sun Mar 27 16:02:02 +0000 2016": {}, "Tue Sep 04 07:48:54 +0000 2018": {"food": {"view": 0.03125}}, "Thu Aug 18 00:49:36 +0000 2016": {"food": {"memories": 0.375}}, "Wed Jun 21 19:52:11 +0000 2017": {}, "Sat Sep 19 20:49:00 +0000 2015": {"nature": {"nature": 0.0375}}, "Thu Mar 17 03:16:38 +0000 2016": {}, "Mon Jun 27 17:38:02 +0000 2016": {"season": {"holiday": -0.075}}, "Sun Jun 11 16:15:43 +0000 2017": {}}