{"Fri Aug 17 08:07:56 +0000 2018": {"service": {"animals": -0.025, "baby": -0.03571428571428571}}, "Thu Feb 02 23:10:23 +0000 2017": {}, "Sat Sep 03 16:46:19 +0000 2016": {}, "Wed Oct 10 13:50:41 +0000 2018": {"nature": {"world": 0.75, "beauty": 0.03125}}, "Wed Mar 16 06:24:20 +0000 2016": {}}