{"Sat Feb 20 01:48:28 +0000 2016": {"season": {"night": 0.10416666666666667}}, "Thu Oct 15 09:35:08 +0000 2015": {"season": {"hours": 0.027777777777777776}}, "Wed Jul 22 15:39:50 +0000 2015": {}, "Mon May 23 21:10:15 +0000 2016": {}, "Fri Dec 30 16:41:14 +0000 2016": {"season": {"holiday": 0.375}}, "Tue Aug 04 22:16:27 +0000 2015": {"nature": {"nature": 0.6875}}}