{"Sun Apr 08 13:49:24 +0000 2018": {}, "Sat Oct 21 22:02:43 +0000 2017": {"climate": {"event": 0.2916666666666667}}, "Thu Aug 20 16:13:13 +0000 2015": {"service": {"shot": 0.25}, "season": {"day": -0.25}}, "Sat Aug 02 04:52:42 +0000 2014": {"season": {"vacation": 0.0}}, "Mon Apr 27 01:38:54 +0000 2015": {"climate": {"way": 0.625}, "accommodation": {"hotel": 0.027777777777777776}}, "Tue Sep 01 14:34:44 +0000 2015": {"season": {"morning": 0.6130952380952381}}, "Thu Jan 29 11:06:02 +0000 2015": {"food": {"view": -0.6428571428571429}}, "Fri May 02 02:28:31 +0000 2014": {}, "Thu Mar 08 13:51:36 +0000 2018": {}}