{"Tue Dec 26 00:05:16 +0000 2017": {}, "Sat Aug 25 03:20:22 +0000 2018": {}, "Sun Jan 17 10:17:57 +0000 2016": {"season": {"day": 0.03125}}, "Wed Nov 22 04:43:23 +0000 2017": {}, "Sun Apr 01 17:12:56 +0000 2018": {}, "Thu Sep 28 18:52:40 +0000 2017": {"service": {"drive": -0.625}}, "Tue Nov 04 00:44:22 +0000 2014": {"place": {"part": 0.07291666666666667}, "nature": {"world": 0.125}}}