{"Tue Mar 24 15:09:24 +0000 2015": {"season": {"vacation": -0.08333333333333333}, "service": {"shower": 0.28125}}, "Sat Mar 22 03:38:18 +0000 2014": {}, "Wed May 07 22:00:53 +0000 2014": {}, "Fri Jun 13 15:46:46 +0000 2014": {"season": {"vacation": -0.035416666666666666}}, "Sun Jul 13 22:16:49 +0000 2014": {}}