{"Tue Jan 21 03:23:51 +0000 2014": {}, "Fri May 30 19:56:23 +0000 2014": {"nature": {"world": -0.075}, "food": {"food": 0.6130952380952381}, "place": {"countries": -0.21875}}}